use Therappy;

SET FOREIGN_KEY_CHECKS = 0;

truncate user_exhibits_malady;
truncate therapist_accepts_insurance;
truncate therapist_treats_malady;
truncate user_rates_therapist;
truncate user_matches_therapist;
truncate user_answers_questions;
truncate therapist;
truncate user;
truncate qualification;
truncate malady;
truncate style;
truncate insurance;
truncate question;

SET FOREIGN_KEY_CHECKS = 1;


INSERT INTO insurance VALUES
    ('Blue Cross Blue Shield'),
    ('Tufts'),
    (20002,'Cigna'),
    (20003,'Aetna'),
    (20004,'United'),
    (20005,'Medicaid'),
    (20006,'Medicare'),
    (20007,'Wellpoint'),
    (20008,'Kaiser'),
    (20009,'Humana'),
    (20010,'Highmark'),
    (20011,'Fallon'),
    (20012,'Wellcare'),
    (20013,'Anthem Health');
    
INSERT INTO malady VALUES
    (5001,'PTSD'),
    (5002,'Anxiety'),
    (5003,'Depression'),
    (5004,'Bipolar'),
    (5005,'Dementia'),
    (5006,'OCD'),
    (5007,'Schizophrenia'),
    (5008,'Disordered eating'),
    (5009,'Anorexia'),
    (5010,'Addiction'),
    (5011,'Stress'),
    (5012,'Grief'),
    (5013,'Self-harm'),
    (5014,'Career'),
    (5015,'Sexuality'),
    (5016,'Self-exploration'),
    (5017,'Relationship');

INSERT INTO qualification VALUES
    (30000,'PhD'),
    (30001,'PsyD'),
    (30002,'MA');
    
INSERT INTO choices VALUES
    (40000,'I have a goal', 1),
    (40001,'I am open to see what happens', -1),
    (40002,'I am action-oriented'),
    (40003,'I like to talk about my problems'),
    (40004,'I like structure'),
    (40005,'I like fluidity'),
    (40006,'I am willing to do work outside of sessions'),
    (40007,'I want all my work to be done with my therapist'),
    (40008,'I like to be asked questions'),
    (40009,'I prefer to talk about what is on my mind'),
    (40010,'My preferred distance is'),
    (40011,'My preferred therapist qualification is'),
    (40012,'My preferred therapist gender is'),
    (40013,'My preferred cost per session is'),
    (40014,'I want my therapist to accept my insurance');
    
INSERT INTO style VALUES
    (10000,'behavoiral'),
    (10001,'procedural');
    
select *
from therapist;
    
INSERT INTO therapist VALUES
    (1001,'Shelton','Halifax','1955-07-01 00:00:00','M','shalifax0@biblegateway.com','781-913-3116',70374,153.23,10000,30001),
    (1002,'Dan','Caron','1962-01-04 00:00:00','M','dcaron1@reverbnation.com','174-804-7570',15717,719.61,10000,30002),
    (1003,'Rick','Hegarty','1960-11-20 00:00:00','M','rhegarty2@1688.com','336-865-9173',62411,244.62,10001,30000),
    (1004,'Hansiain','Crutchfield','1972-04-12 00:00:00','M','hcrutchfield3@surveymonkey.com','957-823-5819',68144,652.74,10001,30002),
    (1005,'Siouxie','Seebright','1970-01-25 00:00:00','F','sseebright4@naver.com','251-879-0266',86433,426.02,10000,30001),
    (1006,'Pavlov','Meni','1960-02-09 00:00:00','M','pmeni5@123-reg.co.uk','888-440-2666',78560,635.77,10000,30001),
    (1007,'Madelyn','Roylance','1991-10-05 00:00:00','F','mroylance6@umn.edu','291-973-6862',60467,27.90,10000,30001),
    (1008,'Zacherie','Linning','1950-03-21 00:00:00','M','zlinning7@com.com','307-584-7955',2346,807.92,10000,30002),
    (1009,'Ezri','Chapelhow','1978-02-09 00:00:00','M','echapelhow8@delicious.com','219-916-3968',67154,646.79,10000,30002),
    (1010,'Blondelle','Janning','1976-07-28 00:00:00','F','bjanning9@vistaprint.com','108-611-9801',62875,737.49,10001,30002),
    (1011,'Corly','Shatliffe','1975-01-17 00:00:00','F','cshatliffea@stanford.edu','870-592-6525',1824,424.92,10001,30002),
    (1012,'Davida','Bissill','1958-07-06 00:00:00','F','dbissillb@feedburner.com','247-274-1174',32773,647.73,10000,30002),
    (1013,'Vlad','Skelton','1989-09-28 00:00:00','M','vskeltonc@myspace.com','430-373-1851',72576,627.20,10000,30002),
    (1014,'Cam','Dengel','1979-03-23 00:00:00','F','cdengeld@dell.com','779-709-3875',66503,340.63,10000,30000),
    (1015,'Ulises','Rushman','1958-07-07 00:00:00','M','urushmane@com.com','335-979-5103',48846,429.55,10000,30001),
    (1016,'Shelden','Halbeard','1994-12-12 00:00:00','M','shalbeardf@wordpress.com','942-572-1123',97539,687.38,10000,30001),
    (1017,'Sloane','Hulance','1990-05-11 00:00:00','M','shulanceg@fda.gov','564-898-2208',74041,506.55,10001,30000),
    (1018,'Jesse','Coxall','1973-12-10 00:00:00','M','jcoxallh@qq.com','557-965-9593',66720,418.79,10001,30002),
    (1019,'Alina','LaBastida','1970-11-28 00:00:00','F','alabastidai@shareasale.com','954-533-4902',93702,526.89,10000,30002),
    (1020,'Onfroi','Wrankling','1954-03-12 00:00:00','M','owranklingj@google.co.jp','363-606-2513',73759,257.99,10001,30002),
    (1021,'Cynthy','Storr','1982-01-13 00:00:00','F','cstorrk@patch.com','657-723-9601',79730,819.29,10001,30001),
    (1022,'Dayle','Cissen','1981-08-07 00:00:00','F','dcissenl@reuters.com','937-698-2805',56080,852.16,10001,30002),
    (1023,'Alfi','Dyerson','1977-06-11 00:00:00','F','adyersonm@opera.com','800-544-9244',56449,441.69,10000,30001),
    (1024,'Joly','Crumbie','1994-08-15 00:00:00','F','jcrumbien@artisteer.com','316-295-8130',29341,782.59,10000,30000),
    (1025,'Durand','Bretherick','1961-06-25 00:00:00','M','dbrethericko@hexun.com','132-743-2724',68946,53.59,10000,30002),
    (1026,'Cybill','Saill','1958-02-21 00:00:00','F','csaillp@slashdot.org','322-524-7960',56209,887.37,10000,30000),
    (1027,'Bent','Grigaut','1983-02-11 00:00:00','M','bgrigautq@weibo.com','404-898-5603',63834,174.18,10000,30002),
    (1028,'Kelley','Zecchinelli','1993-10-14 00:00:00','M','kzecchinellir@intel.com','494-791-9727',48855,220.52,10001,30002),
    (1029,'Haley','Stenson','1950-10-17 00:00:00','M','hstensons@devhub.com','445-347-8053',53142,893.96,10000,30001),
    (1030,'Denney','Tofanelli','1986-10-03 00:00:00','M','dtofanellit@is.gd','942-970-1841',10993,639.81,10001,30002),
    (1031,'Meredithe','Puckham','1966-02-25 00:00:00','F','mpuckhamu@webmd.com','842-650-4586',70632,478.80,10001,30000),
    (1032,'Bonnibelle','Greenough','1989-09-22 00:00:00','F','bgreenoughv@miitbeian.gov.cn','735-169-4479',16652,961.33,10001,30000),
    (1033,'Jedidiah','Gurge','1989-07-17 00:00:00','M','jgurgew@studiopress.com','904-471-7702',96780,968.90,10001,30001),
    (1034,'Zelda','Marmion','1956-07-27 00:00:00','F','zmarmionx@netvibes.com','863-770-4227',7717,381.42,10001,30001),
    (1035,'Kordula','Vooght','1992-05-23 00:00:00','F','kvooghty@ucla.edu','766-294-3161',83281,709.07,10001,30000),
    (1036,'Wandie','Schlagtmans','1972-11-03 00:00:00','F','wschlagtmansz@rakuten.co.jp','580-961-6925',79563,235.40,10001,30000),
    (1037,'Margret','Baroche','1973-04-23 00:00:00','F','mbaroche10@sciencedaily.com','867-920-5805',61362,303.70,10001,30000),
    (1038,'Dudley','Mounch','1989-05-01 00:00:00','M','dmounch11@fema.gov','602-504-6178',46186,245.30,10001,30000),
    (1039,'Maude','Vallentine','1970-08-29 00:00:00','F','mvallentine12@github.com','264-266-0481',12087,276.57,10000,30001),
    (1040,'Tuckie','Cheetham','1970-10-18 00:00:00','M','tcheetham13@arstechnica.com','780-899-9806',57108,102.28,10000,30002),
    (1041,'Marijo','Duncklee','1979-10-06 00:00:00','F','mduncklee14@hostgator.com','400-870-9555',4424,915.31,10000,30000),
    (1042,'Callida','Hartford','1951-10-07 00:00:00','F','chartford15@cpanel.net','136-165-2994',44333,739.89,10000,30001),
    (1043,'Abbey','Estable','1991-02-21 00:00:00','M','aestable16@w3.org','781-556-7778',95621,10.24,10000,30002),
    (1044,'Yardley','Trusslove','1973-06-10 00:00:00','M','ytrusslove17@ihg.com','355-643-3913',3221,567.61,10000,30002),
    (1045,'Darline','Giraldez','1950-06-12 00:00:00','F','dgiraldez18@acquirethisname.com','766-882-7030',18431,19.25,10001,30001),
    (1046,'Husain','Solloway','1963-06-20 00:00:00','M','hsolloway19@canalblog.com','860-377-1364',53076,123.49,10000,30002),
    (1047,'Beck','Londer','1969-12-18 00:00:00','M','blonder1a@opera.com','653-498-3015',76476,322.23,10000,30001),
    (1048,'Merlina','Bende','1972-11-19 00:00:00','F','mbende1b@twitter.com','635-892-0771',87021,974.07,10001,30001),
    (1049,'Kliment','Cosham','1968-05-05 00:00:00','M','kcosham1c@homestead.com','508-993-3074',15520,51.95,10001,30000),
    (1050,'Amalee','Lambrick','1950-11-26 00:00:00','F','alambrick1d@princeton.edu','202-673-9973',60625,810.10,10001,30001),
    (1051,'Hugh','Klaus','1994-12-15 00:00:00','M','hklaus1e@microsoft.com','415-470-1664',24815,274.90,10000,30002),
    (1052,'Everard','Sepey','1957-02-17 00:00:00','M','esepey1f@naver.com','361-931-7826',2467,447.91,10001,30000),
    (1053,'Salim','Barff','1994-08-13 00:00:00','M','sbarff1g@washington.edu','477-231-8130',68130,115.48,10000,30001),
    (1054,'Brok','Rattrie','1990-04-14 00:00:00','M','brattrie1h@vkontakte.ru','340-320-9621',49677,131.76,10001,30000),
    (1055,'Lewiss','O''Doherty','1957-03-22 00:00:00','M','lodoherty1i@constantcontact.com','241-690-1058',7062,303.90,10000,30001),
    (1056,'Jeromy','Hindge','1959-08-15 00:00:00','M','jhindge1j@uiuc.edu','642-356-2330',54525,48.23,10000,30002),
    (1057,'Julina','Korlat','1960-10-06 00:00:00','F','jkorlat1k@discovery.com','468-550-0181',11704,430.35,10000,30000),
    (1058,'Kaine','Santacrole','1952-05-11 00:00:00','M','ksantacrole1l@npr.org','642-992-1876',64457,942.94,10001,30001),
    (1059,'Barton','Sample','1994-12-14 00:00:00','M','bsample1m@cargocollective.com','656-862-8097',75423,146.25,10001,30001),
    (1060,'Neill','Shannon','1992-10-07 00:00:00','M','nshannon1n@theglobeandmail.com','579-322-7999',92630,256.21,10000,30000),
    (1061,'Georgiana','Bonnin','1986-07-20 00:00:00','F','gbonnin1o@cam.ac.uk','690-565-9172',45068,881.18,10001,30002),
    (1062,'Friedrich','Bugge','1953-09-12 00:00:00','M','fbugge1p@ning.com','291-486-6023',83127,747.82,10001,30001),
    (1063,'Zack','Jurs','1980-08-02 00:00:00','M','zjurs1q@cafepress.com','371-776-3810',29323,302.14,10001,30002),
    (1064,'Brooks','Alesin','1962-12-10 00:00:00','F','balesin1r@1und1.de','898-758-2379',83812,272.75,10000,30000),
    (1065,'Ilario','de Marco','1971-05-30 00:00:00','M','idemarco1s@intel.com','917-591-1360',88252,464.51,10001,30002),
    (1066,'Karl','McNabb','1981-05-07 00:00:00','M','kmcnabb1t@imdb.com','553-206-6654',2026,56.88,10000,30001),
    (1067,'Archaimbaud','Malling','1970-01-27 00:00:00','M','amalling1u@hp.com','981-475-8363',89124,568.65,10000,30001),
    (1068,'Sylvan','Izkovitz','1989-03-29 00:00:00','M','sizkovitz1v@livejournal.com','354-799-1914',63540,738.83,10001,30002),
    (1069,'Kelsey','McCusker','1977-01-17 00:00:00','F','kmccusker1w@wunderground.com','689-440-7128',55088,130.47,10000,30000),
    (1070,'Freedman','Sausman','1990-08-28 00:00:00','M','fsausman1x@delicious.com','259-726-5223',76445,449.43,10000,30001),
    (1071,'Susannah','Gawn','1993-02-09 00:00:00','F','sgawn1y@java.com','633-236-1820',7421,217.59,10001,30001),
    (1072,'Whitney','Scotter','1969-04-20 00:00:00','F','wscotter1z@mayoclinic.com','347-859-4526',20838,508.69,10000,30002),
    (1073,'Vivian','Shaw','1953-10-07 00:00:00','F','vshaw20@icio.us','428-222-9039',47520,144.34,10000,30000),
    (1074,'Antonie','Luckhurst','1993-04-21 00:00:00','F','aluckhurst21@google.com','923-857-7930',61261,316.03,10001,30000),
    (1075,'Roanne','Skehens','1959-04-07 00:00:00','F','rskehens22@gov.uk','302-517-7942',99631,638.09,10000,30002),
    (1076,'Raven','Coldwell','1954-01-24 00:00:00','F','rcoldwell23@cafepress.com','934-523-8691',48637,941.13,10000,30001),
    (1077,'Zeb','Teulier','1989-10-02 00:00:00','M','zteulier24@elpais.com','760-416-0190',29129,324.81,10001,30001),
    (1078,'Vick','Okill','1965-01-08 00:00:00','M','vokill25@foxnews.com','877-820-4873',50636,645.68,10001,30000),
    (1079,'Lexie','Floyde','1985-10-16 00:00:00','F','lfloyde26@senate.gov','252-522-5560',20899,822.90,10001,30000),
    (1080,'Winn','Farragher','1952-01-12 00:00:00','M','wfarragher27@bizjournals.com','189-781-3385',75759,401.40,10001,30000),
    (1081,'Monah','Fort','1975-09-07 00:00:00','F','mfort28@slate.com','230-879-7164',18969,839.30,10001,30000),
    (1082,'Salvidor','O''Spillane','1973-10-17 00:00:00','M','sospillane29@ucsd.edu','266-383-7017',79831,543.43,10001,30001),
    (1083,'Howard','O''Daly','1972-06-20 00:00:00','M','hodaly2a@miibeian.gov.cn','246-375-3908',53928,427.18,10000,30000),
    (1084,'Nicolai','Darragh','1951-03-26 00:00:00','M','ndarragh2b@mail.ru','563-698-0023',85260,524.70,10001,30002),
    (1085,'Gaelan','Rizzardi','1960-04-29 00:00:00','M','grizzardi2c@usda.gov','868-951-2352',48441,93.53,10001,30000),
    (1086,'Rebecca','Shallow','1964-05-04 00:00:00','F','rshallow2d@bluehost.com','500-136-7931',58042,866.36,10001,30001),
    (1087,'Paolina','Chainey','1992-12-27 00:00:00','F','pchainey2e@blogtalkradio.com','113-950-9109',57788,650.19,10000,30001),
    (1088,'Melodee','Cleminshaw','1959-05-21 00:00:00','F','mcleminshaw2f@indiatimes.com','630-985-3050',94585,791.28,10000,30002),
    (1089,'Richmond','Gealy','1972-10-15 00:00:00','M','rgealy2g@twitpic.com','530-756-1683',4616,900.14,10000,30002),
    (1090,'Hamilton','Mantripp','1980-03-05 00:00:00','M','hmantripp2h@hostgator.com','841-702-4292',76240,771.71,10000,30001),
    (1091,'Elwyn','Pitherick','1984-11-28 00:00:00','M','epitherick2i@newsvine.com','432-194-6684',56060,156.20,10001,30000),
    (1092,'Joby','Anthes','1976-10-13 00:00:00','F','janthes2j@google.co.uk','723-970-2342',8075,470.22,10000,30000),
    (1093,'Cymbre','Adamou','1979-12-13 00:00:00','F','cadamou2k@youku.com','214-703-1325',24217,809.25,10001,30001),
    (1094,'Marina','Blackster','1988-07-31 00:00:00','F','mblackster2l@infoseek.co.jp','980-107-7705',80621,521.33,10001,30000),
    (1095,'Denny','Stanway','1954-10-15 00:00:00','F','dstanway2m@ycombinator.com','854-939-6953',16312,636.12,10000,30002),
    (1096,'Jeana','Fibben','1991-05-08 00:00:00','F','jfibben2n@microsoft.com','724-981-2531',92845,315.12,10001,30000),
    (1097,'Alessandra','Al Hirsi','1962-08-04 00:00:00','F','aalhirsi2o@rambler.ru','174-804-3558',95604,537.87,10001,30000),
    (1098,'Maud','Smy','1951-05-10 00:00:00','F','msmy2p@ihg.com','324-399-2253',60177,735.98,10001,30000),
    (1099,'Gratiana','Newland','1967-03-19 00:00:00','F','gnewland2q@vinaora.com','898-368-8148',33326,497.36,10000,30001),
    (1100,'Mathilde','Bunford','1990-12-31 00:00:00','F','mbunford2r@virginia.edu','895-368-6156',68960,843.63,10001,30002),
    (1101,'Lindsey','Stud','1953-04-22 00:00:00','F','lstud2s@japanpost.jp','821-954-2228',70390,972.84,10000,30000),
    (1102,'Giraud','Langridge','1955-07-10 00:00:00','M','glangridge2t@ucoz.com','382-185-8609',89115,163.41,10001,30000),
    (1103,'Edithe','Broxholme','1954-12-21 00:00:00','F','ebroxholme2u@noaa.gov','729-989-5517',14614,759.85,10000,30002),
    (1104,'Torry','Brazur','1991-08-30 00:00:00','M','tbrazur2v@blogs.com','568-307-6351',95987,847.80,10000,30002),
    (1105,'Donica','Phifer','1964-11-14 00:00:00','F','dphifer2w@tmall.com','235-683-7570',45216,827.11,10001,30001),
    (1106,'Ruddy','Richarson','1967-06-10 00:00:00','M','rricharson2x@japanpost.jp','936-829-2687',63060,165.64,10000,30001),
    (1107,'Mead','Geach','1955-04-26 00:00:00','M','mgeach2y@plala.or.jp','844-102-8143',61046,598.75,10000,30002),
    (1108,'Jillene','Skipper','1987-02-08 00:00:00','F','jskipper2z@zimbio.com','804-984-1373',50160,394.26,10001,30002),
    (1109,'Sayres','Tolworthie','1989-04-20 00:00:00','M','stolworthie30@disqus.com','644-529-6758',32744,843.89,10001,30002),
    (1110,'Shell','Vasenkov','1990-09-26 00:00:00','F','svasenkov31@unesco.org','533-250-4928',5906,138.47,10000,30000),
    (1111,'Thaine','Krale','1994-09-02 00:00:00','M','tkrale32@privacy.gov.au','296-366-3068',48177,840.28,10001,30002),
    (1112,'Chris','Burchatt','1989-09-17 00:00:00','M','cburchatt33@google.com.au','919-611-5492',23704,402.24,10000,30001),
    (1113,'Fred','Taunton','1981-04-20 00:00:00','F','ftaunton34@cyberchimps.com','508-916-6928',37777,291.25,10000,30001),
    (1114,'Riley','Rosoni','1993-03-26 00:00:00','M','rrosoni35@friendfeed.com','986-810-0395',48652,673.46,10001,30002),
    (1115,'Marie-jeanne','Brammar','1969-07-23 00:00:00','F','mbrammar36@java.com','180-912-0556',44149,843.27,10001,30000),
    (1116,'Wynne','Delmage','1984-06-10 00:00:00','F','wdelmage37@marketwatch.com','859-174-2162',81427,595.13,10001,30000),
    (1117,'Cookie','Pentony','1975-10-25 00:00:00','F','cpentony38@shutterfly.com','826-331-0046',73658,977.95,10001,30002),
    (1118,'Rodolfo','Tritten','1952-01-21 00:00:00','M','rtritten39@princeton.edu','405-601-3775',66782,428.75,10000,30002),
    (1119,'Korry','Horsewood','1963-03-10 00:00:00','F','khorsewood3a@exblog.jp','619-977-7857',46552,355.43,10000,30000),
    (1120,'Johnnie','Blewmen','1972-01-21 00:00:00','M','jblewmen3b@shop-pro.jp','375-794-2225',16630,558.19,10001,30001),
    (1121,'Rufe','Denne','1961-09-21 00:00:00','M','rdenne3c@auda.org.au','134-428-7804',30666,148.84,10001,30000),
    (1122,'Kingston','Ohlsen','1987-10-03 00:00:00','M','kohlsen3d@cbsnews.com','182-629-7668',58772,869.09,10001,30002),
    (1123,'Addi','Siemianowicz','1975-06-15 00:00:00','F','asiemianowicz3e@fastcompany.com','648-713-2664',2379,214.80,10001,30000),
    (1124,'Virgilio','Keam','1966-02-11 00:00:00','M','vkeam3f@gmpg.org','513-472-4548',29939,717.38,10001,30001),
    (1125,'Eduardo','Badby','1957-01-21 00:00:00','M','ebadby3g@answers.com','141-958-6655',56514,55.44,10000,30002),
    (1126,'Ezekiel','Ebi','1987-11-03 00:00:00','M','eebi3h@ed.gov','948-724-2290',98275,66.78,10000,30001),
    (1127,'Deva','Calles','1960-06-05 00:00:00','F','dcalles3i@chron.com','841-919-8705',17401,478.72,10001,30001),
    (1128,'Magnum','Burtwistle','1961-06-16 00:00:00','M','mburtwistle3j@flickr.com','210-533-5925',87327,904.01,10000,30001),
    (1129,'Emilio','Pentlow','1986-06-02 00:00:00','M','epentlow3k@drupal.org','692-144-1053',65336,896.28,10001,30000),
    (1130,'Tadeas','Bortolazzi','1965-10-01 00:00:00','M','tbortolazzi3l@google.es','580-906-4324',49876,821.01,10000,30002),
    (1131,'Nora','Blakes','1971-03-21 00:00:00','F','nblakes3m@pagesperso-orange.fr','433-574-9574',1237,989.28,10000,30002),
    (1132,'Addy','Alderwick','1970-06-25 00:00:00','F','aalderwick3n@nationalgeographic.com','241-704-6398',27615,142.00,10001,30001),
    (1133,'Gerty','MacLucais','1951-02-18 00:00:00','F','gmaclucais3o@cafepress.com','640-390-4926',27509,325.07,10001,30001),
    (1134,'Javier','Wasteney','1962-04-08 00:00:00','M','jwasteney3p@sohu.com','402-355-4996',62692,524.68,10001,30000),
    (1135,'Alayne','Gavrielly','1950-12-05 00:00:00','F','agavrielly3q@twitter.com','151-846-7979',59012,744.36,10001,30000),
    (1136,'Marillin','Degli Antoni','1972-02-16 00:00:00','F','mdegliantoni3r@princeton.edu','581-837-7501',32169,925.08,10000,30001),
    (1137,'Moises','Beany','1982-04-21 00:00:00','M','mbeany3s@stanford.edu','292-920-5636',56329,46.93,10001,30002),
    (1138,'Pauline','Vieyra','1980-06-17 00:00:00','F','pvieyra3t@admin.ch','385-926-7320',89411,832.40,10001,30001),
    (1139,'Ivett','Mounsey','1986-02-11 00:00:00','F','imounsey3u@businessinsider.com','111-575-1319',80819,800.09,10001,30001),
    (1140,'Concettina','Ommundsen','1988-11-12 00:00:00','F','commundsen3v@europa.eu','909-121-4728',68771,208.34,10001,30002),
    (1141,'Nikolai','Peegrem','1980-12-24 00:00:00','M','npeegrem3w@blogs.com','603-144-8016',73852,674.67,10001,30000),
    (1142,'Sergio','Craigie','1977-05-01 00:00:00','M','scraigie3x@vimeo.com','666-165-2978',68403,891.53,10001,30001),
    (1143,'Gustavus','McSwan','1976-05-17 00:00:00','M','gmcswan3y@google.es','714-392-5208',20317,896.75,10001,30000),
    (1144,'Chaddie','Litchfield','1967-04-04 00:00:00','M','clitchfield3z@reuters.com','221-395-9955',16827,651.81,10000,30001),
    (1145,'Yorgos','Kenwin','1981-09-02 00:00:00','M','ykenwin40@webnode.com','506-885-3217',44851,913.47,10001,30000),
    (1146,'Rodrique','Churchyard','1967-06-01 00:00:00','M','rchurchyard41@istockphoto.com','715-503-6175',27127,250.03,10000,30000),
    (1147,'Diarmid','Defont','1979-10-30 00:00:00','M','ddefont42@wired.com','716-651-2275',79051,542.47,10000,30000),
    (1148,'Adolpho','Ludgate','1986-03-03 00:00:00','M','aludgate43@ameblo.jp','901-825-5774',78390,538.68,10000,30001),
    (1149,'Boot','Mosson','1978-03-31 00:00:00','M','bmosson44@mail.ru','985-714-8355',70560,451.86,10000,30001),
    (1150,'Carlin','Lillywhite','1957-10-03 00:00:00','M','clillywhite45@lycos.com','216-797-1766',58701,446.91,10000,30000),
    (1151,'Ora','McTavish','1990-11-07 00:00:00','F','omctavish46@slashdot.org','256-837-7836',42236,488.05,10001,30001),
    (1152,'Erroll','Braiden','1985-01-14 00:00:00','M','ebraiden47@prnewswire.com','227-134-1486',62292,395.46,10000,30002),
    (1153,'Dur','Bedinham','1989-05-22 00:00:00','M','dbedinham48@patch.com','828-875-5266',83809,245.67,10000,30001),
    (1154,'Shelba','Hyde-Chambers','1951-07-01 00:00:00','F','shydechambers49@technorati.com','604-922-3812',62922,390.24,10001,30002),
    (1155,'Tresa','Gethen','1986-07-15 00:00:00','F','tgethen4a@spotify.com','970-803-8622',19941,445.25,10001,30001),
    (1156,'Josselyn','Bleackley','1965-04-08 00:00:00','F','jbleackley4b@newsvine.com','634-268-6902',77458,297.43,10001,30002),
    (1157,'Jonah','Myrkus','1966-09-03 00:00:00','M','jmyrkus4c@stanford.edu','757-161-1839',35953,819.31,10001,30001),
    (1158,'Price','McCrea','1968-02-25 00:00:00','M','pmccrea4d@nydailynews.com','867-802-7583',16943,163.35,10000,30002),
    (1159,'Trefor','Jamieson','1954-08-23 00:00:00','M','tjamieson4e@discovery.com','568-962-3019',88210,564.55,10000,30002),
    (1160,'Alic','Turk','1954-10-17 00:00:00','M','aturk4f@ezinearticles.com','457-406-0556',85726,149.80,10000,30001),
    (1161,'Sibella','Stratley','1960-10-31 00:00:00','F','sstratley4g@aboutads.info','515-760-2910',80740,917.13,10001,30001),
    (1162,'Shawn','Berrecloth','1952-12-07 00:00:00','F','sberrecloth4h@netscape.com','791-947-7497',13809,43.00,10000,30000),
    (1163,'Jacqueline','Wibberley','1992-11-28 00:00:00','F','jwibberley4i@answers.com','872-709-5803',85325,180.68,10000,30000),
    (1164,'Klarika','Defau','1993-12-26 00:00:00','F','kdefau4j@opera.com','836-964-6114',10177,782.64,10001,30001),
    (1165,'Aaron','Jedrzej','1972-12-16 00:00:00','M','ajedrzej4k@forbes.com','974-359-9793',95126,477.71,10000,30001),
    (1166,'Buddy','Fitchett','1970-09-03 00:00:00','M','bfitchett4l@blog.com','580-711-4536',28646,626.28,10001,30001),
    (1167,'Ervin','Crenshaw','1987-04-12 00:00:00','M','ecrenshaw4m@bbc.co.uk','724-812-4701',45387,877.04,10001,30001),
    (1168,'Vannie','Terrell','1989-11-22 00:00:00','F','vterrell4n@dailymotion.com','367-325-7146',51234,897.04,10001,30000),
    (1169,'Forbes','Pinwell','1962-12-12 00:00:00','M','fpinwell4o@who.int','603-685-9062',79104,261.86,10000,30000),
    (1170,'Annabela','Kinchin','1963-06-22 00:00:00','F','akinchin4p@deviantart.com','444-841-6122',98635,117.20,10001,30001),
    (1171,'Moreen','Gaspard','1961-07-25 00:00:00','F','mgaspard4q@biglobe.ne.jp','882-666-8819',12485,657.26,10000,30000),
    (1172,'Essa','Millberg','1959-01-22 00:00:00','F','emillberg4r@disqus.com','323-930-2966',33410,801.03,10001,30000),
    (1173,'Lory','Hastilow','1961-06-23 00:00:00','F','lhastilow4s@fda.gov','476-255-3346',39177,93.18,10001,30001),
    (1174,'Alec','Broune','1985-05-29 00:00:00','M','abroune4t@cpanel.net','192-339-6773',7934,51.10,10000,30001),
    (1175,'Dawn','Brislawn','1981-12-26 00:00:00','F','dbrislawn4u@irs.gov','908-885-3441',45711,776.59,10001,30002),
    (1176,'Harlen','Gallegos','1961-11-20 00:00:00','M','hgallegos4v@de.vu','695-471-8622',38740,739.00,10000,30002),
    (1177,'Tory','Doeg','1972-03-25 00:00:00','F','tdoeg4w@seesaa.net','534-760-3607',83402,469.64,10000,30001),
    (1178,'Shari','Idle','1984-12-24 00:00:00','F','sidle4x@purevolume.com','428-727-1253',56522,28.02,10001,30002),
    (1179,'Leia','De Carolis','1994-01-22 00:00:00','F','ldecarolis4y@squarespace.com','903-212-6747',31626,911.97,10001,30000),
    (1180,'Kevyn','Rishbrook','1985-11-08 00:00:00','F','krishbrook4z@tripod.com','441-381-2285',93021,105.45,10000,30002),
    (1181,'Stanfield','Griffitts','1966-05-01 00:00:00','M','sgriffitts50@rediff.com','644-975-0206',48842,799.70,10000,30002),
    (1182,'Alexina','Wrate','1993-07-31 00:00:00','F','awrate51@cafepress.com','147-156-1664',25266,601.84,10000,30001),
    (1183,'Sylvia','Ferrarini','1957-01-02 00:00:00','F','sferrarini52@engadget.com','603-381-9707',58281,608.36,10001,30001),
    (1184,'Bartie','Scoyne','1954-08-12 00:00:00','M','bscoyne53@google.es','624-227-3869',56330,799.80,10001,30000),
    (1185,'Stepha','Pitbladdo','1965-01-06 00:00:00','F','spitbladdo54@phoca.cz','654-319-1884',18439,689.06,10001,30000),
    (1186,'Sebastian','Percy','1961-05-23 00:00:00','M','spercy55@jugem.jp','754-669-0713',21610,267.13,10001,30001),
    (1187,'Andre','Perigoe','1961-05-20 00:00:00','M','aperigoe56@uiuc.edu','704-891-5220',71450,364.64,10000,30001),
    (1188,'Gayle','Jaggard','1960-05-21 00:00:00','M','gjaggard57@thetimes.co.uk','459-426-1146',70775,748.82,10000,30001),
    (1189,'Earvin','Hardacre','1950-07-03 00:00:00','M','ehardacre58@phpbb.com','369-582-4510',62858,549.92,10000,30002),
    (1190,'Natale','Abbys','1972-05-14 00:00:00','M','nabbys59@epa.gov','188-606-1136',4693,669.78,10000,30000),
    (1191,'Shina','Collis','1972-02-18 00:00:00','F','scollis5a@guardian.co.uk','160-858-4604',24179,70.13,10000,30000),
    (1192,'Isa','Daniells','1977-07-07 00:00:00','F','idaniells5b@wsj.com','673-522-6488',36203,663.20,10000,30000),
    (1193,'Yasmin','Coleridge','1954-05-04 00:00:00','F','ycoleridge5c@google.ca','223-583-6011',84084,480.16,10001,30001),
    (1194,'Barbra','Benoy','1954-12-08 00:00:00','F','bbenoy5d@icq.com','695-319-1802',1906,861.74,10000,30002),
    (1195,'Con','Embery','1966-01-18 00:00:00','F','cembery5e@newsvine.com','562-551-7273',30312,174.86,10001,30000),
    (1196,'Jed','Delamar','1993-10-21 00:00:00','M','jdelamar5f@washingtonpost.com','894-450-9632',47982,50.23,10000,30000),
    (1197,'Rosetta','Wonfar','1959-10-13 00:00:00','F','rwonfar5g@over-blog.com','804-711-2123',26521,339.17,10001,30000),
    (1198,'Hirsch','Hulk','1954-05-03 00:00:00','M','hhulk5h@purevolume.com','311-648-3657',83810,666.99,10000,30000),
    (1199,'Flemming','Savage','1965-04-28 00:00:00','M','fsavage5i@hc360.com','870-901-7209',16360,966.94,10000,30002),
    (1200,'Mavra','Baugham','1966-12-07 00:00:00','F','mbaugham5j@answers.com','914-701-4764',23831,394.52,10001,30000),
    (1201,'Fabio','Lunk','1982-07-21 00:00:00','M','flunk5k@blinklist.com','915-776-2839',4537,462.90,10001,30002),
    (1202,'Flss','Gillicuddy','1963-09-16 00:00:00','F','fgillicuddy5l@unicef.org','931-613-7098',36522,770.35,10001,30000),
    (1203,'Benedicto','Pevie','1982-11-26 00:00:00','M','bpevie5m@dailymail.co.uk','163-518-0032',17747,714.97,10000,30001),
    (1204,'Mariana','Lidyard','1976-10-19 00:00:00','F','mlidyard5n@comcast.net','408-969-0201',67460,239.74,10001,30001),
    (1205,'Nelie','Nerger','1966-06-30 00:00:00','F','nnerger5o@lulu.com','346-486-1130',58784,195.87,10001,30001),
    (1206,'Evelina','Wapol','1973-07-07 00:00:00','F','ewapol5p@dot.gov','510-502-6545',84783,240.26,10001,30002),
    (1207,'Ritchie','Reimer','1964-05-19 00:00:00','M','rreimer5q@economist.com','699-805-0300',38633,999.80,10000,30000),
    (1208,'Rodolfo','Springer','1974-03-03 00:00:00','M','rspringer5r@timesonline.co.uk','792-805-9662',40347,218.09,10001,30002),
    (1209,'Kaleena','Imbrey','1990-06-20 00:00:00','F','kimbrey5s@cbsnews.com','742-339-4562',25702,42.16,10001,30000),
    (1210,'Gabriel','Barltrop','1957-05-12 00:00:00','F','gbarltrop5t@nytimes.com','454-872-4566',77005,293.23,10001,30002),
    (1211,'Nollie','Borkin','1955-10-25 00:00:00','F','nborkin5u@miitbeian.gov.cn','128-363-8136',1922,969.00,10001,30001),
    (1212,'Yvor','Gerrens','1954-08-16 00:00:00','M','ygerrens5v@linkedin.com','640-425-5993',12580,388.23,10001,30001),
    (1213,'Ruthe','Hagerty','1987-04-18 00:00:00','F','rhagerty5w@edublogs.org','764-855-6067',37064,377.77,10001,30002),
    (1214,'Corly','Louch','1986-11-26 00:00:00','F','clouch5x@opensource.org','549-228-7583',21014,245.34,10000,30001),
    (1215,'Ario','Bransby','1993-02-27 00:00:00','M','abransby5y@digg.com','229-962-2350',34743,322.90,10000,30000),
    (1216,'Efren','McCahill','1955-01-25 00:00:00','M','emccahill5z@amazon.co.uk','125-654-8798',26757,159.46,10000,30000),
    (1217,'Valry','Abbie','1990-09-06 00:00:00','F','vabbie60@wordpress.org','625-540-7200',70047,662.26,10001,30000),
    (1218,'Ferguson','Petrushka','1968-12-31 00:00:00','M','fpetrushka61@amazon.com','185-933-4984',35907,370.33,10000,30001),
    (1219,'Torre','Capey','1950-01-11 00:00:00','M','tcapey62@washington.edu','317-850-5163',20117,971.71,10001,30001),
    (1220,'Donella','Robe','1972-02-06 00:00:00','F','drobe63@google.com','897-313-5443',53226,589.57,10001,30002),
    (1221,'Raf','Blyden','1981-05-12 00:00:00','F','rblyden64@uiuc.edu','142-790-9003',18210,713.79,10000,30000),
    (1222,'Candis','Falvey','1962-09-07 00:00:00','F','cfalvey65@cmu.edu','523-594-3709',18614,40.09,10000,30000),
    (1223,'Ax','Vigors','1972-09-19 00:00:00','M','avigors66@wunderground.com','166-105-7126',52746,776.12,10001,30000),
    (1224,'Siegfried','Mancktelow','1990-05-04 00:00:00','M','smancktelow67@latimes.com','562-608-8804',23964,387.66,10000,30001),
    (1225,'Leonhard','Pedley','1967-01-31 00:00:00','M','lpedley68@geocities.com','852-402-8547',46310,674.22,10000,30001),
    (1226,'Bibi','Thickin','1980-06-21 00:00:00','F','bthickin69@sciencedirect.com','869-524-3534',10579,877.84,10000,30002),
    (1227,'Karyl','Crummay','1969-07-01 00:00:00','F','kcrummay6a@google.es','882-527-4844',49276,104.71,10001,30001),
    (1228,'Ricky','Meaden','1952-09-01 00:00:00','F','rmeaden6b@purevolume.com','316-801-0217',24411,391.24,10000,30001),
    (1229,'Haley','Cornbell','1960-01-27 00:00:00','M','hcornbell6c@seesaa.net','336-907-6803',46165,354.62,10000,30001),
    (1230,'Cristy','Veschambre','1974-06-02 00:00:00','F','cveschambre6d@ocn.ne.jp','686-425-0091',40206,189.39,10001,30002),
    (1231,'Valentin','Gianotti','1958-07-01 00:00:00','M','vgianotti6e@bbc.co.uk','550-653-3878',21640,13.98,10000,30001),
    (1232,'Daniella','Officer','1958-07-28 00:00:00','F','dofficer6f@whitehouse.gov','669-134-0218',10538,72.04,10001,30001),
    (1233,'Godard','Fulmen','1979-10-13 00:00:00','M','gfulmen6g@hatena.ne.jp','159-536-9295',23434,457.33,10000,30001),
    (1234,'Ignacio','Daelman','1984-10-08 00:00:00','M','idaelman6h@xinhuanet.com','990-623-1978',84525,958.41,10000,30002),
    (1235,'Julian','Pleavin','1966-08-06 00:00:00','M','jpleavin6i@newsvine.com','944-707-5393',17765,984.00,10001,30002),
    (1236,'Maggi','Nason','1988-06-15 00:00:00','F','mnason6j@indiegogo.com','963-526-3628',23866,615.42,10000,30001),
    (1237,'Lazare','Georger','1970-10-16 00:00:00','M','lgeorger6k@reddit.com','771-823-8072',24569,274.69,10000,30001),
    (1238,'Felecia','Edmonds','1955-05-29 00:00:00','F','fedmonds6l@icq.com','815-355-5052',41367,926.37,10001,30001),
    (1239,'Margot','Howship','1989-08-01 00:00:00','F','mhowship6m@sogou.com','236-651-1807',21822,762.56,10001,30002),
    (1240,'Andrus','Cuthbertson','1969-10-15 00:00:00','M','acuthbertson6n@imdb.com','610-478-3294',94118,853.18,10000,30000),
    (1241,'Conroy','Kingswoode','1961-07-31 00:00:00','M','ckingswoode6o@symantec.com','806-923-4577',60958,27.47,10000,30000),
    (1242,'Eliza','McIlherran','1973-05-24 00:00:00','F','emcilherran6p@ucsd.edu','967-162-9333',60645,894.10,10000,30002),
    (1243,'Nanette','Jeroch','1992-02-26 00:00:00','F','njeroch6q@nydailynews.com','817-272-8688',31601,743.50,10000,30002),
    (1244,'Micheil','Buye','1980-11-28 00:00:00','M','mbuye6r@uol.com.br','234-807-8676',97123,780.23,10001,30000),
    (1245,'Rowney','Surcombe','1954-10-20 00:00:00','M','rsurcombe6s@printfriendly.com','262-168-7773',38057,481.40,10001,30000),
    (1246,'Godard','Toffel','1965-11-30 00:00:00','M','gtoffel6t@instagram.com','121-822-3366',46786,145.98,10000,30000),
    (1247,'Haskell','Lilywhite','1974-12-10 00:00:00','M','hlilywhite6u@dagondesign.com','455-671-0354',32092,991.05,10001,30002),
    (1248,'Donalt','McNevin','1957-04-01 00:00:00','M','dmcnevin6v@goo.gl','838-178-4379',53182,111.05,10000,30001),
    (1249,'Artemis','Depper','1970-10-16 00:00:00','M','adepper6w@meetup.com','440-825-6317',8069,754.91,10000,30001),
    (1250,'Pavel','MacFadyen','1990-11-20 00:00:00','M','pmacfadyen6x@nydailynews.com','725-964-4390',17321,966.35,10000,30001);
    
    
INSERT INTO therapist VALUES
    (1251,'Nathanil','Ranshaw','1959-02-24 00:00:00','M','nranshaw6y@engadget.com','561-573-5358',35903,666.43,10000,30001),
    (1252,'Carmina','Elgie','1962-12-18 00:00:00','F','celgie6z@ucoz.ru','251-345-5257',32664,474.69,10000,30000),
    (1253,'Kareem','Priscott','1993-06-06 00:00:00','M','kpriscott70@devhub.com','650-416-1692',23866,615.17,10001,30002),
    (1254,'Gertrud','Geyton','1959-05-14 00:00:00','F','ggeyton71@instagram.com','803-249-8684',25969,616.44,10001,30002),
    (1255,'Inger','Eden','1975-12-06 00:00:00','F','ieden72@sina.com.cn','635-419-9568',20176,345.22,10001,30002),
    (1256,'Hewie','Kitcatt','1968-09-12 00:00:00','M','hkitcatt73@friendfeed.com','604-428-1397',56441,520.49,10001,30000),
    (1257,'Dorene','Keemer','1975-10-31 00:00:00','F','dkeemer74@blogs.com','530-140-0763',19707,484.17,10001,30002),
    (1258,'Kym','Nevet','1976-10-25 00:00:00','F','knevet75@ocn.ne.jp','133-131-1781',32830,257.48,10000,30001),
    (1259,'Thoma','Stredwick','1979-04-09 00:00:00','M','tstredwick76@dailymotion.com','680-826-6146',60450,212.75,10000,30000),
    (1260,'Nessie','Wilsone','1978-05-15 00:00:00','F','nwilsone77@examiner.com','416-963-6944',96857,570.17,10001,30001),
    (1261,'Adolf','Byas','1953-10-11 00:00:00','M','abyas78@slashdot.org','738-575-3701',28020,275.97,10000,30002),
    (1262,'Clemente','Paradise','1994-03-10 00:00:00','M','cparadise79@taobao.com','587-706-0195',2718,815.57,10001,30000),
    (1263,'Aleta','Dike','1980-12-10 00:00:00','F','adike7a@mozilla.org','166-703-1634',74331,453.36,10001,30002),
    (1264,'Bidget','Fearneley','1954-03-10 00:00:00','F','bfearneley7b@bigcartel.com','807-281-2869',39326,233.89,10001,30002),
    (1265,'Chiquita','Vaughton','1956-08-09 00:00:00','F','cvaughton7c@theglobeandmail.com','981-584-3615',7024,124.53,10000,30001),
    (1266,'Bern','Stot','1985-09-16 00:00:00','M','bstot7d@instagram.com','801-199-7583',54880,874.00,10001,30000),
    (1267,'Willis','Lavell','1980-11-13 00:00:00','M','wlavell7e@addtoany.com','646-351-1012',24085,988.72,10001,30001),
    (1268,'Onofredo','Manssuer','1959-04-21 00:00:00','M','omanssuer7f@youtube.com','653-703-7499',87112,389.86,10001,30000),
    (1269,'Maurie','Applin','1958-04-21 00:00:00','M','mapplin7g@imageshack.us','248-431-0355',90059,375.63,10001,30001),
    (1270,'Cheryl','Keppel','1962-05-07 00:00:00','F','ckeppel7h@soundcloud.com','880-171-3286',78616,330.13,10001,30002),
    (1271,'Claresta','Fruin','1993-11-09 00:00:00','F','cfruin7i@google.ru','862-648-0704',73655,756.03,10000,30001),
    (1272,'Leona','Borleace','1969-07-01 00:00:00','F','lborleace7j@ycombinator.com','767-376-3238',66714,532.37,10001,30001),
    (1273,'Andrea','Bexley','1983-09-04 00:00:00','M','abexley7k@pbs.org','812-472-8478',52241,847.49,10001,30000),
    (1274,'Lib','Prescot','1982-04-11 00:00:00','F','lprescot7l@1und1.de','307-712-2294',44632,11.97,10000,30002),
    (1275,'Selma','Grishenkov','1954-06-30 00:00:00','F','sgrishenkov7m@cbc.ca','822-755-3169',25213,897.46,10000,30000),
    (1276,'Georgy','Gavin','1990-05-01 00:00:00','M','ggavin7n@weibo.com','131-483-0551',43728,961.73,10001,30002),
    (1277,'Corrina','Arnaudon','1963-09-23 00:00:00','F','carnaudon7o@blinklist.com','705-465-0405',62816,675.29,10000,30002),
    (1278,'Shayne','Screase','1960-12-15 00:00:00','M','sscrease7p@wikimedia.org','453-273-8594',38391,315.03,10000,30000),
    (1279,'Kamila','Edmondson','1992-09-27 00:00:00','F','kedmondson7q@icq.com','156-322-1956',95587,534.28,10001,30001),
    (1280,'Mareah','Zambonini','1960-07-13 00:00:00','F','mzambonini7r@cocolog-nifty.com','538-724-1470',92808,187.45,10000,30002),
    (1281,'Hyman','Ogelbe','1954-06-19 00:00:00','M','hogelbe7s@cocolog-nifty.com','900-204-7649',61545,788.14,10000,30000),
    (1282,'Jewelle','Lille','1966-02-02 00:00:00','F','jlille7t@tinypic.com','376-422-5693',33860,778.82,10000,30002),
    (1283,'Prent','Grimme','1972-11-26 00:00:00','M','pgrimme7u@usatoday.com','319-942-5797',67149,162.91,10000,30002),
    (1284,'Delinda','Filyaev','1974-01-30 00:00:00','F','dfilyaev7v@ameblo.jp','615-582-1925',47575,530.92,10001,30001),
    (1285,'Sherri','Scrauniage','1959-08-06 00:00:00','F','sscrauniage7w@pagesperso-orange.fr','395-326-3144',99659,461.16,10001,30002),
    (1286,'Mada','Bendel','1957-02-04 00:00:00','F','mbendel7x@narod.ru','739-394-1381',52161,172.35,10000,30000),
    (1287,'Brenna','Michael','1974-03-08 00:00:00','F','bmichael7y@eepurl.com','285-171-1541',87124,19.34,10000,30000),
    (1288,'Shaylah','Flann','1985-11-10 00:00:00','F','sflann7z@mapquest.com','285-596-1488',72370,947.41,10000,30000),
    (1289,'Shalom','Bielby','1981-09-23 00:00:00','M','sbielby80@istockphoto.com','757-217-2252',15322,248.13,10000,30001),
    (1290,'Dalila','Olner','1979-09-20 00:00:00','F','dolner81@clickbank.net','882-376-7108',37086,720.25,10000,30001),
    (1291,'Moll','Josland','1974-09-30 00:00:00','F','mjosland82@youku.com','615-911-2993',25853,466.00,10000,30002),
    (1292,'Skyler','Facer','1967-01-14 00:00:00','M','sfacer83@comcast.net','102-524-1389',13687,532.45,10001,30001),
    (1293,'Daniella','Judge','1964-08-08 00:00:00','F','djudge84@squarespace.com','840-340-1387',48706,785.19,10000,30000),
    (1294,'Shepherd','Cruwys','1987-08-21 00:00:00','M','scruwys85@hugedomains.com','760-329-4034',3851,0.86,10001,30000),
    (1295,'Gardener','Camili','1989-09-26 00:00:00','M','gcamili86@about.me','695-889-4843',94535,10.97,10001,30002),
    (1296,'Win','Ducker','1990-06-08 00:00:00','M','wducker87@phpbb.com','656-654-3844',61486,170.45,10001,30000),
    (1297,'Kathryne','Djokic','1957-12-27 00:00:00','F','kdjokic88@cisco.com','506-970-3439',97034,7.64,10001,30002),
    (1298,'Natka','Raubenheim','1956-09-05 00:00:00','F','nraubenheim89@wikipedia.org','694-572-7355',95126,171.71,10000,30001),
    (1299,'Dmitri','Rosenfrucht','1993-04-04 00:00:00','M','drosenfrucht8a@chron.com','871-941-4061',39813,976.42,10000,30001),
    (1300,'Pembroke','Hazeldine','1950-10-06 00:00:00','M','phazeldine8b@merriam-webster.com','495-510-0678',18427,280.33,10001,30000),
    (1301,'Lorne','Tybalt','1953-06-05 00:00:00','M','ltybalt8c@shareasale.com','630-618-6068',76459,184.39,10001,30002),
    (1302,'Constance','Dionsetto','1958-12-10 00:00:00','F','cdionsetto8d@fastcompany.com','917-261-4787',18914,386.59,10000,30001),
    (1303,'Eberto','Gratrix','1972-01-19 00:00:00','M','egratrix8e@yahoo.com','143-517-6892',28714,978.51,10001,30000),
    (1304,'Erminia','Rowlson','1990-08-28 00:00:00','F','erowlson8f@themeforest.net','845-101-9058',95459,444.85,10000,30000),
    (1305,'Franklin','Eingerfield','1979-07-13 00:00:00','M','feingerfield8g@guardian.co.uk','421-211-3344',72051,753.82,10000,30001),
    (1306,'Patric','Pero','1957-03-25 00:00:00','M','ppero8h@sakura.ne.jp','771-607-5471',63637,276.83,10000,30002),
    (1307,'Kaile','Moohan','1987-02-04 00:00:00','F','kmoohan8i@ucla.edu','246-606-1803',51531,836.92,10000,30001),
    (1308,'Sayres','Gyer','1967-05-28 00:00:00','M','sgyer8j@tamu.edu','184-374-5042',83262,111.51,10001,30001),
    (1309,'Benn','Paske','1994-09-16 00:00:00','M','bpaske8k@guardian.co.uk','751-399-5431',46175,428.11,10001,30000),
    (1310,'Domenic','Klisch','1978-01-13 00:00:00','M','dklisch8l@nytimes.com','913-464-7725',54139,646.94,10001,30000),
    (1311,'Munroe','Cock','1979-10-30 00:00:00','M','mcock8m@gov.uk','607-757-5085',50162,532.51,10000,30000),
    (1312,'Gerrard','Apfel','1979-01-08 00:00:00','M','gapfel8n@google.de','316-910-1242',45148,217.43,10001,30000),
    (1313,'Allyn','Ugo','1957-08-29 00:00:00','M','augo8o@addthis.com','202-525-9845',86507,750.51,10001,30001),
    (1314,'Dyane','Oxenbury','1952-06-27 00:00:00','F','doxenbury8p@live.com','901-211-7630',43235,124.06,10001,30001),
    (1315,'Dietrich','Lorriman','1965-04-18 00:00:00','M','dlorriman8q@chron.com','673-395-1800',30214,27.06,10000,30000),
    (1316,'Griz','Swatton','1980-12-27 00:00:00','M','gswatton8r@oracle.com','677-397-2072',96778,705.16,10001,30001),
    (1317,'Pierre','Fishpool','1958-05-03 00:00:00','M','pfishpool8s@cargocollective.com','568-763-3705',25906,297.25,10000,30001),
    (1318,'Latrena','Laurenty','1978-03-07 00:00:00','F','llaurenty8t@cloudflare.com','153-756-4518',46124,499.52,10000,30002),
    (1319,'Hedy','Whitehead','1978-08-05 00:00:00','F','hwhitehead8u@google.de','925-633-7735',96133,206.43,10000,30000),
    (1320,'Alfons','Hagland','1963-11-13 00:00:00','M','ahagland8v@elpais.com','430-663-7106',50220,349.20,10000,30001),
    (1321,'Cornela','Faragan','1956-08-10 00:00:00','F','cfaragan8w@ucoz.ru','257-519-5831',74134,42.50,10000,30000),
    (1322,'Roxanna','Fruchon','1967-02-03 00:00:00','F','rfruchon8x@yahoo.com','657-923-0072',30582,798.41,10000,30002),
    (1323,'Hy','Eplett','1992-02-02 00:00:00','M','heplett8y@seesaa.net','128-412-8477',43055,944.51,10000,30002),
    (1324,'Mayer','Bruniges','1980-02-20 00:00:00','M','mbruniges8z@toplist.cz','343-746-1525',16246,226.79,10000,30001),
    (1325,'Kathe','Muselli','1973-01-18 00:00:00','F','kmuselli90@nps.gov','488-620-1747',72727,137.16,10001,30001),
    (1326,'Maddi','O'' Concannon','1971-07-28 00:00:00','F','moconcannon91@cam.ac.uk','662-229-8063',14072,585.49,10000,30001),
    (1327,'Gaspard','Gladdor','1991-04-10 00:00:00','M','ggladdor92@phpbb.com','924-828-2858',26338,428.70,10000,30002),
    (1328,'Amalee','Sandilands','1977-07-07 00:00:00','F','asandilands93@myspace.com','357-637-9220',95621,407.55,10000,30000),
    (1329,'Karita','Worrill','1968-03-10 00:00:00','F','kworrill94@blogger.com','261-709-3634',59467,864.84,10001,30000),
    (1330,'Sheree','Peacey','1967-11-11 00:00:00','F','speacey95@state.gov','263-480-6151',60124,330.92,10001,30001),
    (1331,'Shermie','Vicker','1962-08-20 00:00:00','M','svicker96@last.fm','413-160-8783',61951,175.42,10001,30002),
    (1332,'Rochell','Caldes','1963-09-26 00:00:00','F','rcaldes97@pcworld.com','325-673-1966',61778,713.47,10001,30001),
    (1333,'Artair','Winsbury','1992-02-17 00:00:00','M','awinsbury98@etsy.com','388-534-8756',36250,102.25,10001,30000),
    (1334,'Dasha','Pinnegar','1952-06-24 00:00:00','F','dpinnegar99@google.co.jp','851-149-7365',84726,983.03,10001,30001),
    (1335,'Noni','Loffill','1967-07-17 00:00:00','F','nloffill9a@friendfeed.com','104-558-7986',25530,43.69,10001,30000),
    (1336,'Casandra','Lippiello','1965-11-14 00:00:00','F','clippiello9b@tinypic.com','760-688-2364',87031,29.73,10001,30000),
    (1337,'Queenie','Hugk','1965-08-15 00:00:00','F','qhugk9c@nhs.uk','852-908-0870',93430,346.34,10000,30000),
    (1338,'Alonzo','Cabane','1976-02-18 00:00:00','M','acabane9d@discuz.net','893-955-9591',60463,161.11,10000,30001),
    (1339,'Jeanne','Fragino','1980-05-14 00:00:00','F','jfragino9e@ow.ly','791-419-8159',50459,907.55,10001,30000),
    (1340,'Silvanus','Coils','1989-02-03 00:00:00','M','scoils9f@imdb.com','805-412-1821',68787,68.86,10001,30001),
    (1341,'Andras','Knock','1974-08-08 00:00:00','M','aknock9g@vinaora.com','515-767-7903',84726,381.25,10000,30000),
    (1342,'Sigvard','Vynarde','1969-03-24 00:00:00','M','svynarde9h@cbslocal.com','162-160-1826',89835,737.82,10001,30002),
    (1343,'Terrill','Wingrove','1987-08-04 00:00:00','M','twingrove9i@ehow.com','312-316-2579',89005,486.31,10000,30000),
    (1344,'Veronike','Ivan','1952-12-07 00:00:00','F','vivan9j@desdev.cn','230-203-8746',5777,842.70,10000,30002),
    (1345,'Tore','Poppy','1965-08-26 00:00:00','M','tpoppy9k@hostgator.com','430-720-5083',66843,99.26,10001,30001),
    (1346,'Gayle','Rother','1987-09-14 00:00:00','F','grother9l@princeton.edu','360-292-0977',62670,805.43,10001,30002),
    (1347,'Kellen','Flatt','1990-06-28 00:00:00','M','kflatt9m@scribd.com','173-917-2641',63783,449.23,10001,30002),
    (1348,'Rab','Kirkman','1985-11-26 00:00:00','M','rkirkman9n@princeton.edu','334-562-3516',59912,893.39,10000,30001),
    (1349,'Ana','Matas','1953-07-23 00:00:00','F','amatas9o@walmart.com','689-374-2227',25638,585.24,10001,30002),
    (1350,'Melba','Korn','1994-01-28 00:00:00','F','mkorn9p@uol.com.br','126-865-2356',59015,799.36,10001,30002),
    (1351,'Lothaire','Levensky','1981-10-07 00:00:00','M','llevensky9q@usgs.gov','762-335-8182',6013,166.06,10000,30001),
    (1352,'Danie','McGibbon','1978-06-09 00:00:00','M','dmcgibbon9r@woothemes.com','447-349-3321',84115,245.78,10000,30002),
    (1353,'Abbey','Tumielli','1974-11-08 00:00:00','M','atumielli9s@fda.gov','507-492-2403',2764,403.84,10001,30002),
    (1354,'Giustino','Labone','1962-06-30 00:00:00','M','glabone9t@nature.com','990-529-0378',37086,573.79,10001,30002),
    (1355,'Rudd','Schriren','1973-01-19 00:00:00','M','rschriren9u@scribd.com','166-449-3773',54480,760.37,10001,30001),
    (1356,'Anna-maria','Belliveau','1994-11-18 00:00:00','F','abelliveau9v@soup.io','812-776-8158',46032,515.29,10001,30001),
    (1357,'Enid','Pigram','1950-06-29 00:00:00','F','epigram9w@ameblo.jp','863-244-0909',10022,888.48,10000,30000),
    (1358,'Victoria','Crosson','1956-01-20 00:00:00','F','vcrosson9x@gnu.org','935-448-6272',7719,37.26,10001,30000),
    (1359,'Vonnie','Kirkpatrick','1955-06-10 00:00:00','F','vkirkpatrick9y@wikimedia.org','912-617-1641',55011,904.12,10001,30000),
    (1360,'Chastity','Igglesden','1950-10-07 00:00:00','F','cigglesden9z@baidu.com','532-318-3331',3456,244.15,10001,30001),
    (1361,'Thadeus','Scallan','1967-04-18 00:00:00','M','tscallana0@biblegateway.com','237-781-6827',73858,110.13,10001,30000),
    (1362,'Rodi','Moline','1950-11-16 00:00:00','F','rmolinea1@google.fr','662-375-9838',97520,581.59,10000,30000),
    (1363,'Quincey','Bolzen','1950-02-21 00:00:00','M','qbolzena2@hugedomains.com','692-321-4197',12136,641.07,10000,30002),
    (1364,'Sharai','Brislen','1979-09-21 00:00:00','F','sbrislena3@stanford.edu','715-599-7565',1945,782.56,10001,30000),
    (1365,'Deane','McFarland','1981-10-09 00:00:00','F','dmcfarlanda4@list-manage.com','734-928-8079',25103,274.55,10001,30000),
    (1366,'Giffy','Jonke','1992-02-27 00:00:00','M','gjonkea5@netvibes.com','787-971-0223',66725,204.61,10001,30002),
    (1367,'Lyon','Wanka','1959-06-11 00:00:00','M','lwankaa6@joomla.org','930-267-3390',42462,926.79,10001,30002),
    (1368,'Filia','Chowne','1987-02-04 00:00:00','F','fchownea7@sun.com','158-357-4796',43447,681.40,10001,30001),
    (1369,'Donavon','Mapples','1991-04-17 00:00:00','M','dmapplesa8@dagondesign.com','395-323-0712',92305,401.76,10000,30002),
    (1370,'Willem','Orpwood','1962-04-21 00:00:00','M','worpwooda9@stanford.edu','142-777-1124',36322,561.36,10001,30001),
    (1371,'Inness','Presslee','1994-07-12 00:00:00','M','ipressleeaa@canalblog.com','482-313-2690',24440,96.92,10001,30002),
    (1372,'Hadleigh','Bracken','1961-03-24 00:00:00','M','hbrackenab@bigcartel.com','211-218-0639',98418,808.82,10000,30001),
    (1373,'Connor','Burrett','1975-08-07 00:00:00','M','cburrettac@purevolume.com','655-933-8601',49793,581.62,10001,30002),
    (1374,'Keri','Isakovic','1963-10-20 00:00:00','F','kisakovicad@ow.ly','811-198-8364',18455,360.95,10001,30001),
    (1375,'Reinhold','Dundridge','1962-07-29 00:00:00','M','rdundridgeae@nps.gov','166-268-1806',96768,134.32,10001,30002),
    (1376,'Corry','Clashe','1951-09-13 00:00:00','F','cclasheaf@shutterfly.com','911-679-6676',79366,288.77,10001,30002),
    (1377,'Lisetta','Crellin','1979-04-16 00:00:00','F','lcrellinag@ebay.co.uk','828-552-9327',70533,541.15,10000,30001),
    (1378,'Felic','McCathay','1969-06-16 00:00:00','M','fmccathayah@thetimes.co.uk','735-166-8282',54966,439.25,10000,30000),
    (1379,'Fawne','Wraighte','1979-07-23 00:00:00','F','fwraighteai@techcrunch.com','744-844-1422',26651,982.92,10000,30001),
    (1380,'Stoddard','Sleight','1967-08-23 00:00:00','F','ssleightaj@wisc.edu','229-867-8716',31567,841.85,10001,30001),
    (1381,'Floyd','O''Kerin','1962-03-03 00:00:00','M','fokerinak@blogger.com','115-491-3961',63468,325.12,10000,30000),
    (1382,'Solomon','Snelman','1951-07-19 00:00:00','M','ssnelmanal@amazon.co.uk','245-823-4194',10036,834.54,10001,30002),
    (1383,'Fidela','Ranking','1984-02-23 00:00:00','F','frankingam@engadget.com','154-245-2447',24477,157.02,10001,30000),
    (1384,'Christoffer','Baythrop','1950-12-16 00:00:00','M','cbaythropan@google.pl','310-707-3214',87109,212.35,10001,30000),
    (1385,'Cletus','Josipovitz','1952-03-11 00:00:00','M','cjosipovitzao@twitpic.com','665-239-0873',57570,1.37,10000,30001),
    (1386,'Alic','McLugish','1965-05-29 00:00:00','M','amclugishap@4shared.com','983-728-5592',29727,550.21,10001,30000),
    (1387,'Rea','Kulas','1973-08-28 00:00:00','F','rkulasaq@twitter.com','146-139-2236',72641,888.18,10000,30000),
    (1388,'Simonne','Barnaby','1958-06-12 00:00:00','F','sbarnabyar@house.gov','295-411-6227',80645,240.94,10001,30000),
    (1389,'Jan','Viccars','1957-01-16 00:00:00','M','jviccarsas@ocn.ne.jp','767-741-7508',67039,920.25,10001,30001),
    (1390,'Celinda','Oldcote','1977-05-23 00:00:00','F','coldcoteat@dell.com','735-493-0014',55384,313.39,10001,30001),
    (1391,'Yovonnda','Forte','1959-11-09 00:00:00','F','yforteau@yahoo.com','861-672-4836',96048,391.57,10000,30002),
    (1392,'Viva','Staten','1968-06-08 00:00:00','F','vstatenav@163.com','349-435-9095',79401,64.79,10001,30002),
    (1393,'Julie','McOwen','1953-04-13 00:00:00','M','jmcowenaw@apple.com','434-429-9582',48505,685.04,10001,30002),
    (1394,'Dill','Hadigate','1982-11-25 00:00:00','M','dhadigateax@bing.com','143-300-8263',6357,403.93,10001,30001),
    (1395,'Chico','Lassells','1964-08-15 00:00:00','M','classellsay@simplemachines.org','235-765-9113',59844,243.87,10000,30000),
    (1396,'Chaunce','Boultwood','1976-08-17 00:00:00','M','cboultwoodaz@stanford.edu','140-320-8317',13733,531.99,10000,30001),
    (1397,'Emory','Abrehart','1970-12-30 00:00:00','M','eabrehartb0@google.com.au','308-643-7527',63662,105.44,10001,30001),
    (1398,'Edward','McSperron','1953-09-28 00:00:00','M','emcsperronb1@walmart.com','992-633-5210',55944,282.35,10001,30000),
    (1399,'Emelina','Syrie','1988-12-23 00:00:00','F','esyrieb2@cyberchimps.com','866-967-4961',54562,35.29,10001,30001),
    (1400,'Lucas','Gauld','1975-09-18 00:00:00','M','lgauldb3@g.co','980-366-7648',4257,18.74,10001,30002),
    (1401,'Kevan','Hazley','1957-04-22 00:00:00','M','khazleyb4@scribd.com','222-781-5812',83314,740.15,10001,30002),
    (1402,'Trudie','Trasler','1950-11-04 00:00:00','F','ttraslerb5@wunderground.com','938-435-8350',36026,499.79,10000,30001),
    (1403,'Clementine','Truitt','1977-12-19 00:00:00','F','ctruittb6@360.cn','768-618-7438',55987,925.56,10001,30000),
    (1404,'Martelle','Guyonnet','1985-06-18 00:00:00','F','mguyonnetb7@boston.com','833-791-3268',38076,58.31,10000,30000),
    (1405,'Gibbie','Sibbering','1959-12-03 00:00:00','M','gsibberingb8@japanpost.jp','262-287-3403',48170,183.66,10000,30001),
    (1406,'Umeko','Warrell','1976-05-09 00:00:00','F','uwarrellb9@theglobeandmail.com','947-956-7160',65661,432.24,10001,30001),
    (1407,'Caz','Ovize','1978-12-26 00:00:00','M','covizeba@sbwire.com','123-957-6992',46539,438.44,10000,30000),
    (1408,'Ofelia','Barrett','1970-11-25 00:00:00','F','obarrettbb@instagram.com','792-567-7192',68620,662.44,10001,30000),
    (1409,'York','Hawksworth','1955-11-05 00:00:00','M','yhawksworthbc@amazon.co.jp','860-995-6120',59713,988.23,10001,30001),
    (1410,'Lorilee','Averay','1977-03-10 00:00:00','F','laveraybd@biblegateway.com','361-582-2931',40379,547.66,10001,30000),
    (1411,'Berny','Absolom','1991-02-16 00:00:00','M','babsolombe@house.gov','579-647-1089',62921,729.45,10000,30002),
    (1412,'Juieta','Olenchenko','1977-12-18 00:00:00','F','jolenchenkobf@acquirethisname.com','575-485-7403',62849,128.73,10001,30002),
    (1413,'Car','Brimner','1962-06-16 00:00:00','M','cbrimnerbg@washington.edu','663-166-9489',32011,689.22,10000,30002),
    (1414,'Flint','Iacobassi','1983-04-28 00:00:00','M','fiacobassibh@dot.gov','674-593-3170',38767,716.16,10001,30001),
    (1415,'Marie-ann','Banker','1969-09-13 00:00:00','F','mbankerbi@biglobe.ne.jp','128-601-7006',73441,866.82,10000,30002),
    (1416,'Serge','Lob','1968-02-20 00:00:00','M','slobbj@macromedia.com','555-320-1899',6112,975.31,10000,30001),
    (1417,'Bobby','Dellenbrok','1979-09-06 00:00:00','M','bdellenbrokbk@yelp.com','490-904-3146',65444,323.80,10000,30002),
    (1418,'Johnny','Diamant','1959-11-24 00:00:00','M','jdiamantbl@tinyurl.com','586-742-8420',91711,901.44,10000,30001),
    (1419,'Gina','Aglione','1966-03-29 00:00:00','F','gaglionebm@opera.com','859-921-3116',87035,505.54,10001,30000),
    (1420,'Sal','Questier','1967-02-14 00:00:00','F','squestierbn@naver.com','308-371-4467',27041,195.35,10001,30001),
    (1421,'Mitch','Binch','1969-11-30 00:00:00','M','mbinchbo@e-recht24.de','276-726-0316',25678,191.30,10000,30001),
    (1422,'Ruddie','Scholer','1977-11-29 00:00:00','M','rscholerbp@amazon.co.jp','626-869-3769',1008,656.73,10001,30001),
    (1423,'Jerrie','Coie','1990-05-23 00:00:00','F','jcoiebq@friendfeed.com','544-857-2289',37665,375.13,10000,30002),
    (1424,'Ted','Mulvany','1960-04-16 00:00:00','M','tmulvanybr@mapy.cz','846-329-6993',29803,235.24,10001,30001),
    (1425,'Witty','Anderton','1971-04-06 00:00:00','M','wandertonbs@nationalgeographic.com','571-599-7428',66619,676.62,10000,30001),
    (1426,'Menard','Wall','1952-03-26 00:00:00','M','mwallbt@engadget.com','734-953-4324',46126,641.32,10000,30001),
    (1427,'Gisella','Colles','1965-04-20 00:00:00','F','gcollesbu@blinklist.com','711-650-0961',57475,427.60,10000,30000),
    (1428,'Georgeanna','Anselm','1977-10-11 00:00:00','F','ganselmbv@hubpages.com','452-295-9554',77471,454.45,10001,30001),
    (1429,'Rod','Huccaby','1955-08-16 00:00:00','M','rhuccabybw@issuu.com','319-276-9753',38225,626.70,10000,30001),
    (1430,'Brady','Lempke','1976-11-15 00:00:00','M','blempkebx@google.nl','866-424-7317',48158,942.48,10000,30000),
    (1431,'Jasen','Harrismith','1979-06-01 00:00:00','M','jharrismithby@gravatar.com','881-996-7718',56754,8.61,10000,30002),
    (1432,'Bunny','MacTrusty','1951-05-19 00:00:00','F','bmactrustybz@moonfruit.com','890-421-4700',38580,956.69,10000,30001),
    (1433,'Valaree','Anglin','1958-05-22 00:00:00','F','vanglinc0@go.com','903-764-7717',51535,305.17,10001,30000),
    (1434,'Ambrosi','Lorek','1978-12-22 00:00:00','M','alorekc1@timesonline.co.uk','363-588-5873',8110,56.05,10001,30000),
    (1435,'Beale','Shill','1975-05-03 00:00:00','M','bshillc2@psu.edu','260-115-5122',55748,323.07,10001,30002),
    (1436,'Harley','Tiley','1969-04-03 00:00:00','M','htileyc3@yahoo.com','428-812-7251',14846,832.73,10001,30000),
    (1437,'Minnaminnie','Crow','1993-12-09 00:00:00','F','mcrowc4@slashdot.org','416-114-7852',78953,376.84,10000,30000),
    (1438,'Leonard','Dallmann','1967-05-05 00:00:00','M','ldallmannc5@slate.com','417-217-9463',26610,478.68,10001,30001),
    (1439,'Flin','Kleinhausen','1957-06-01 00:00:00','M','fkleinhausenc6@economist.com','906-573-8129',43113,825.66,10001,30002),
    (1440,'Shay','Hulstrom','1974-02-13 00:00:00','M','shulstromc7@who.int','559-376-3830',42262,482.24,10000,30000),
    (1441,'Hilary','McElmurray','1985-02-25 00:00:00','M','hmcelmurrayc8@sfgate.com','345-167-9482',50476,46.18,10000,30002),
    (1442,'Price','Dorkins','1988-01-31 00:00:00','M','pdorkinsc9@360.cn','308-361-1238',21668,491.02,10001,30002),
    (1443,'Mike','Barclay','1967-02-19 00:00:00','M','mbarclayca@ucoz.com','484-255-4407',8062,238.05,10001,30002),
    (1444,'Zondra','Dibnah','1991-01-07 00:00:00','F','zdibnahcb@skype.com','884-471-3763',49655,538.38,10001,30000),
    (1445,'Werner','Howselee','1978-06-29 00:00:00','M','whowseleecc@amazonaws.com','270-591-8940',16037,586.06,10001,30001),
    (1446,'Jori','Marthen','1975-03-03 00:00:00','F','jmarthencd@gravatar.com','499-203-1270',12569,255.05,10001,30002),
    (1447,'Shannah','Anthoney','1950-03-31 00:00:00','F','santhoneyce@home.pl','484-805-5632',68726,892.47,10001,30002),
    (1448,'Bev','Tunno','1980-11-07 00:00:00','F','btunnocf@purevolume.com','292-999-1142',85706,576.18,10001,30000),
    (1449,'Jarrad','Spellicy','1962-02-27 00:00:00','M','jspellicycg@shop-pro.jp','903-708-3173',10709,739.74,10000,30002),
    (1450,'Rosalynd','Loud','1972-12-11 00:00:00','F','rloudch@homestead.com','791-842-3653',49340,363.12,10000,30000),
    (1451,'Cicely','Edgeon','1971-06-12 00:00:00','F','cedgeonci@phoca.cz','856-924-0166',75473,179.42,10000,30001),
    (1452,'Sergent','Duddin','1971-02-10 00:00:00','M','sduddincj@ucla.edu','854-816-3872',63631,776.21,10000,30000),
    (1453,'Wendi','Cable','1974-12-18 00:00:00','F','wcableck@foxnews.com','526-181-5012',93550,178.65,10000,30000),
    (1454,'Shandra','MacGorrie','1987-04-16 00:00:00','F','smacgorriecl@ft.com','252-925-0034',52544,881.82,10000,30001),
    (1455,'Winne','Stonehewer','1965-11-19 00:00:00','F','wstonehewercm@answers.com','112-196-0972',33809,106.56,10000,30000),
    (1456,'Leone','Erridge','1992-04-13 00:00:00','F','lerridgecn@state.gov','889-659-2633',86045,91.50,10001,30001),
    (1457,'Devlin','Acklands','1952-01-20 00:00:00','M','dacklandsco@dailymotion.com','175-868-2505',89832,135.88,10001,30000),
    (1458,'Lita','Krolman','1979-10-16 00:00:00','F','lkrolmancp@utexas.edu','483-582-6761',93257,892.24,10000,30002),
    (1459,'Benjamin','Guiso','1984-05-17 00:00:00','M','bguisocq@unblog.fr','650-637-2545',20611,249.67,10001,30002),
    (1460,'Sofia','Grahlmans','1986-08-23 00:00:00','F','sgrahlmanscr@cpanel.net','609-887-8849',77566,715.74,10001,30002),
    (1461,'Sheilah','Langmaid','1958-04-29 00:00:00','F','slangmaidcs@vimeo.com','380-673-0184',4222,691.51,10001,30000),
    (1462,'Norene','Heimann','1994-05-08 00:00:00','F','nheimannct@ucoz.com','618-670-5437',68955,13.18,10000,30002),
    (1463,'Celestyna','Dinzey','1963-02-18 00:00:00','F','cdinzeycu@symantec.com','381-525-8812',43536,30.84,10001,30002),
    (1464,'Gerard','Rizzolo','1968-04-24 00:00:00','M','grizzolocv@rambler.ru','635-843-3436',22503,975.72,10001,30000),
    (1465,'Ashia','Abade','1965-11-19 00:00:00','F','aabadecw@arstechnica.com','728-287-9416',62009,408.42,10001,30001),
    (1466,'Mallorie','Winks','1990-06-01 00:00:00','F','mwinkscx@4shared.com','254-828-7841',64649,686.33,10000,30002),
    (1467,'Ermin','Stollwerck','1954-10-05 00:00:00','M','estollwerckcy@illinois.edu','480-217-8055',80544,748.84,10000,30001),
    (1468,'Waverley','Tallowin','1961-04-27 00:00:00','M','wtallowincz@edublogs.org','749-141-3609',31543,531.79,10000,30001),
    (1469,'Alisander','de Courcey','1993-01-30 00:00:00','M','adecourceyd0@cbsnews.com','760-336-2050',42151,199.82,10001,30000),
    (1470,'Helli','Bondesen','1979-05-01 00:00:00','F','hbondesend1@123-reg.co.uk','168-735-5818',44615,357.66,10000,30000),
    (1471,'Quincy','Bradtke','1952-06-23 00:00:00','M','qbradtked2@list-manage.com','371-244-4903',16863,34.71,10000,30001),
    (1472,'Brewster','Jozwik','1975-02-20 00:00:00','M','bjozwikd3@hubpages.com','552-651-5545',4947,900.74,10000,30001),
    (1473,'Norene','Dybald','1975-10-11 00:00:00','F','ndybaldd4@imageshack.us','304-553-6900',88056,678.83,10000,30002),
    (1474,'Duke','Matzl','1959-03-02 00:00:00','M','dmatzld5@redcross.org','575-818-3070',20832,397.06,10000,30000),
    (1475,'Clarie','Dunstall','1972-10-14 00:00:00','F','cdunstalld6@moonfruit.com','162-278-8773',8084,105.68,10001,30000),
    (1476,'Dorice','Beeze','1955-03-05 00:00:00','F','dbeezed7@ameblo.jp','251-714-1637',67336,201.09,10001,30000),
    (1477,'Isahella','Martonfi','1950-09-20 00:00:00','F','imartonfid8@cargocollective.com','878-128-3605',37213,501.89,10001,30000),
    (1478,'Jozef','Brucker','1975-02-25 00:00:00','M','jbruckerd9@upenn.edu','186-726-8711',32839,958.73,10001,30002),
    (1479,'Pail','Gave','1960-10-02 00:00:00','M','pgaveda@hud.gov','239-710-8392',46952,415.78,10001,30001),
    (1480,'Lulu','Frift','1983-06-16 00:00:00','F','lfriftdb@hhs.gov','573-559-3306',63560,955.55,10000,30002),
    (1481,'Alberik','Mingard','1962-11-26 00:00:00','M','amingarddc@archive.org','837-435-4419',63334,246.77,10000,30001),
    (1482,'Jeffrey','Trinkwon','1953-02-02 00:00:00','M','jtrinkwondd@forbes.com','381-542-1510',59047,692.39,10001,30001),
    (1483,'Dorolice','Stanlake','1950-01-27 00:00:00','F','dstanlakede@t.co','687-498-8754',15741,39.46,10001,30001),
    (1484,'Felicio','Swinbourne','1962-12-25 00:00:00','M','fswinbournedf@earthlink.net','731-281-8559',45890,465.74,10000,30001),
    (1485,'Cherilynn','Odde','1976-12-02 00:00:00','F','coddedg@freewebs.com','335-808-3344',14568,474.91,10001,30000),
    (1486,'Humphrey','Jorissen','1992-05-13 00:00:00','M','hjorissendh@phoca.cz','258-226-9178',87714,177.67,10001,30001),
    (1487,'Gisela','Haughton','1986-12-13 00:00:00','F','ghaughtondi@phoca.cz','310-390-1666',75433,635.25,10001,30000),
    (1488,'Molly','Balston','1989-10-20 00:00:00','F','mbalstondj@sbwire.com','113-548-5897',68134,801.14,10001,30002),
    (1489,'Sydney','Isakovic','1951-05-26 00:00:00','F','sisakovicdk@marketwatch.com','947-351-6134',48173,127.36,10000,30002),
    (1490,'Timothy','Ubsdall','1952-09-18 00:00:00','M','tubsdalldl@simplemachines.org','405-311-9358',10174,953.99,10000,30000),
    (1491,'Alaster','Harvey','1963-10-05 00:00:00','M','aharveydm@state.gov','433-772-7940',78749,507.87,10001,30001),
    (1492,'Torrin','Dorbin','1979-08-02 00:00:00','M','tdorbindn@prweb.com','681-172-5681',35243,475.78,10000,30002),
    (1493,'Giselbert','Greenhill','1958-02-12 00:00:00','M','ggreenhilldo@gov.uk','143-725-2037',25817,536.67,10000,30001),
    (1494,'Court','Illingsworth','1973-03-24 00:00:00','M','cillingsworthdp@columbia.edu','912-426-7650',96145,366.17,10001,30001),
    (1495,'Stormy','Scholcroft','1965-09-21 00:00:00','F','sscholcroftdq@nyu.edu','691-153-9344',97537,989.20,10000,30001),
    (1496,'Fee','Paszek','1966-09-06 00:00:00','M','fpaszekdr@pen.io','353-354-9396',61440,10.17,10001,30000),
    (1497,'Cathrine','Barsam','1980-07-17 00:00:00','F','cbarsamds@mozilla.org','229-661-4644',65774,145.84,10001,30001),
    (1498,'Clair','Fradgley','1955-02-01 00:00:00','F','cfradgleydt@list-manage.com','419-372-2642',31649,202.79,10000,30001),
    (1499,'Wendie','Tearney','1972-03-15 00:00:00','F','wtearneydu@wordpress.org','778-181-7667',55724,367.03,10000,30000),
    (1500,'Euell','Orrey','1987-10-03 00:00:00','M','eorreydv@jugem.jp','896-131-6608',33837,327.48,10000,30002);
    
INSERT INTO therapist_accepts_insurance VALUES
    (1002,20010),
    (1004,20008),
    (1005,20008),
    (1005,20004),
    (1006,20006),
    (1006,20002),
    (1006,20001),
    (1007,20008),
    (1007,20013),
    (1008,20013),
    (1008,20008),
    (1010,20011),
    (1010,20009),
    (1010,20005),
    (1011,20013),
    (1012,20003),
    (1012,20008),
    (1013,20005),
    (1017,20002),
    (1018,20006),
    (1020,20005),
    (1020,20010),
    (1021,20002),
    (1021,20010),
    (1022,20005),
    (1023,20007),
    (1024,20009),
    (1025,20006),
    (1030,20011),
    (1031,20002),
    (1034,20006),
    (1034,20003),
    (1034,20005),
    (1035,20011),
    (1037,20007),
    (1038,20011),
    (1039,20012),
    (1039,20004),
    (1040,20011),
    (1041,20003),
    (1042,20002),
    (1043,20007),
    (1043,20002),
    (1045,20007),
    (1046,20001),
    (1047,20012),
    (1048,20013),
    (1049,20011),
    (1050,20007),
    (1052,20007),
    (1052,20003),
    (1054,20010),
    (1055,20003),
    (1056,20013),
    (1056,20003),
    (1060,20004),
    (1060,20005),
    (1061,20011),
    (1061,20009),
    (1061,20003),
    (1063,20007),
    (1064,20006),
    (1065,20009),
    (1065,20001),
    (1067,20005),
    (1068,20003),
    (1069,20010),
    (1070,20003),
    (1077,20007),
    (1078,20008),
    (1078,20013),
    (1079,20005),
    (1080,20005),
    (1083,20011),
    (1083,20005),
    (1083,20007),
    (1084,20002),
    (1084,20011),
    (1085,20010),
    (1085,20001),
    (1087,20008),
    (1087,20002),
    (1087,20010),
    (1089,20005),
    (1090,20002),
    (1091,20013),
    (1092,20007),
    (1094,20008),
    (1098,20009),
    (1098,20003),
    (1101,20011),
    (1102,20009),
    (1103,20002),
    (1104,20012),
    (1106,20008),
    (1106,20012),
    (1107,20009),
    (1111,20009),
    (1111,20010),
    (1111,20008),
    (1112,20009),
    (1113,20002),
    (1113,20004),
    (1115,20012),
    (1117,20006),
    (1117,20011),
    (1119,20012),
    (1119,20006),
    (1120,20008),
    (1122,20012),
    (1123,20005),
    (1124,20001),
    (1125,20010),
    (1129,20002),
    (1130,20010),
    (1130,20007),
    (1131,20006),
    (1131,20012),
    (1134,20012),
    (1135,20008),
    (1135,20009),
    (1135,20004),
    (1136,20013),
    (1136,20007),
    (1140,20009),
    (1140,20004),
    (1142,20005),
    (1142,20002),
    (1142,20001),
    (1143,20002),
    (1143,20001),
    (1144,20006),
    (1144,20010),
    (1151,20004),
    (1151,20005),
    (1155,20004),
    (1158,20013),
    (1158,20004),
    (1158,20009),
    (1163,20005),
    (1163,20002),
    (1164,20011),
    (1164,20004),
    (1166,20004),
    (1168,20001),
    (1168,20006),
    (1169,20003),
    (1170,20013),
    (1170,20006),
    (1172,20013),
    (1173,20007),
    (1174,20008),
    (1176,20011),
    (1177,20006),
    (1179,20009),
    (1179,20006),
    (1179,20008),
    (1181,20011),
    (1182,20002),
    (1182,20001),
    (1183,20013),
    (1184,20009),
    (1184,20008),
    (1185,20005),
    (1185,20002),
    (1185,20001),
    (1188,20001),
    (1189,20010),
    (1189,20003),
    (1190,20012),
    (1193,20006),
    (1195,20008),
    (1195,20010),
    (1196,20009),
    (1197,20007),
    (1197,20009),
    (1200,20010),
    (1200,20002),
    (1203,20013),
    (1204,20012),
    (1205,20010),
    (1207,20005),
    (1208,20008),
    (1209,20002),
    (1209,20011),
    (1209,20007),
    (1211,20006),
    (1214,20003),
    (1217,20001),
    (1217,20006),
    (1219,20004),
    (1219,20005),
    (1219,20010),
    (1219,20001),
    (1220,20004),
    (1223,20010),
    (1224,20013),
    (1224,20011),
    (1224,20005),
    (1224,20002),
    (1225,20001),
    (1227,20012),
    (1227,20001),
    (1228,20010),
    (1228,20009),
    (1229,20004),
    (1229,20003),
    (1230,20005),
    (1232,20001),
    (1233,20006),
    (1233,20010),
    (1234,20011),
    (1235,20008),
    (1236,20002),
    (1238,20007),
    (1238,20011),
    (1239,20008),
    (1239,20001),
    (1239,20010),
    (1241,20005),
    (1241,20006),
    (1242,20012),
    (1243,20008),
    (1243,20006),
    (1245,20006),
    (1245,20011),
    (1246,20004),
    (1246,20006),
    (1247,20001),
    (1247,20005),
    (1249,20012),
    (1250,20004),
    (1251,20013),
    (1252,20006),
    (1252,20010),
    (1252,20003);
    
INSERT INTO therapist_accepts_insurance VALUES
    (1252,20001),
    (1254,20010),
    (1254,20013),
    (1255,20009),
    (1255,20007),
    (1256,20012),
    (1257,20002),
    (1260,20001),
    (1261,20013),
    (1263,20010),
    (1263,20005),
    (1264,20007),
    (1264,20001),
    (1267,20007),
    (1267,20002),
    (1267,20011),
    (1268,20006),
    (1270,20004),
    (1271,20012),
    (1271,20010),
    (1272,20010),
    (1275,20013),
    (1275,20008),
    (1275,20002),
    (1278,20003),
    (1280,20004),
    (1280,20013),
    (1280,20008),
    (1281,20011),
    (1281,20001),
    (1281,20002),
    (1284,20012),
    (1284,20004),
    (1285,20011),
    (1285,20009),
    (1286,20010),
    (1286,20007),
    (1290,20005),
    (1290,20011),
    (1291,20006),
    (1297,20009),
    (1297,20013),
    (1297,20005),
    (1299,20006),
    (1299,20002),
    (1301,20012),
    (1304,20003),
    (1305,20013),
    (1307,20002),
    (1308,20006),
    (1309,20010),
    (1310,20002),
    (1312,20005),
    (1313,20003),
    (1314,20005),
    (1314,20007),
    (1315,20008),
    (1316,20003),
    (1316,20005),
    (1319,20011),
    (1323,20009),
    (1323,20005),
    (1325,20006),
    (1325,20009),
    (1326,20004),
    (1326,20007),
    (1328,20012),
    (1328,20004),
    (1329,20009),
    (1331,20003),
    (1331,20005),
    (1333,20010),
    (1334,20004),
    (1335,20013),
    (1336,20007),
    (1337,20012),
    (1339,20002),
    (1340,20012),
    (1342,20003),
    (1343,20008),
    (1346,20010),
    (1347,20005),
    (1349,20001),
    (1351,20002),
    (1352,20006),
    (1352,20009),
    (1352,20005),
    (1353,20002),
    (1353,20004),
    (1355,20006),
    (1355,20003),
    (1355,20010),
    (1359,20004),
    (1359,20009),
    (1359,20012),
    (1359,20011),
    (1360,20011),
    (1360,20012),
    (1362,20007),
    (1364,20003),
    (1364,20010),
    (1365,20009),
    (1366,20007),
    (1366,20002),
    (1367,20007),
    (1368,20001),
    (1369,20010),
    (1373,20005),
    (1374,20008),
    (1374,20006),
    (1375,20010),
    (1376,20013),
    (1376,20004),
    (1378,20005),
    (1378,20004),
    (1379,20003),
    (1379,20010),
    (1380,20004),
    (1380,20003),
    (1385,20003),
    (1386,20009),
    (1387,20009),
    (1388,20004),
    (1388,20009),
    (1392,20007),
    (1393,20013),
    (1393,20010),
    (1394,20007),
    (1395,20009),
    (1397,20002),
    (1399,20013),
    (1400,20004),
    (1400,20002),
    (1400,20003),
    (1401,20004),
    (1401,20003),
    (1403,20003),
    (1404,20008),
    (1406,20013),
    (1407,20010),
    (1407,20004),
    (1410,20004),
    (1411,20010),
    (1413,20007),
    (1415,20013),
    (1415,20002),
    (1416,20003),
    (1417,20012),
    (1418,20011),
    (1418,20004),
    (1420,20001),
    (1424,20010),
    (1424,20007),
    (1425,20006),
    (1427,20006),
    (1429,20009),
    (1429,20012),
    (1431,20007),
    (1431,20009),
    (1434,20002),
    (1435,20009),
    (1436,20012),
    (1436,20007),
    (1438,20011),
    (1438,20009),
    (1438,20004),
    (1440,20009),
    (1441,20003),
    (1442,20001),
    (1443,20007),
    (1443,20009),
    (1444,20011),
    (1445,20001),
    (1448,20005),
    (1448,20003),
    (1448,20012),
    (1448,20013),
    (1449,20001),
    (1451,20007),
    (1451,20013),
    (1451,20011),
    (1451,20008),
    (1452,20013),
    (1453,20012),
    (1453,20008),
    (1454,20004),
    (1455,20004),
    (1456,20007),
    (1456,20004),
    (1456,20011),
    (1457,20008),
    (1459,20003),
    (1460,20010),
    (1460,20001),
    (1463,20002),
    (1464,20002),
    (1465,20002),
    (1468,20008),
    (1468,20009),
    (1469,20007),
    (1469,20002),
    (1472,20010),
    (1473,20010),
    (1473,20013),
    (1473,20009),
    (1474,20006),
    (1474,20004),
    (1474,20013),
    (1475,20007),
    (1475,20010),
    (1476,20008),
    (1476,20002),
    (1478,20001),
    (1480,20012),
    (1482,20007),
    (1482,20001),
    (1483,20001),
    (1483,20006),
    (1483,20009),
    (1483,20013),
    (1483,20008),
    (1484,20012),
    (1485,20007),
    (1485,20013),
    (1488,20004),
    (1488,20001),
    (1491,20006),
    (1491,20001),
    (1491,20002),
    (1493,20011),
    (1493,20009),
    (1494,20012),
    (1494,20011),
    (1494,20008),
    (1495,20010),
    (1497,20010),
    (1497,20001),
    (1498,20010),
    (1498,20005),
    (1498,20004),
    (1499,20004),
    (1499,20012);

INSERT INTO therapist_treats_malady VALUES
    (1001,5003),
    (1002,5017),
    (1003,5001),
    (1004,5009),
    (1005,5016),
    (1006,5004),
    (1007,5004),
    (1008,5007),
    (1009,5010),
    (1010,5015),
    (1011,5009),
    (1012,5006),
    (1013,5009),
    (1014,5003),
    (1015,5005),
    (1016,5015),
    (1017,5008),
    (1018,5007),
    (1019,5013),
    (1020,5004),
    (1021,5009),
    (1022,5006),
    (1023,5011),
    (1024,5011),
    (1025,5014),
    (1026,5011),
    (1027,5004),
    (1028,5007),
    (1029,5012),
    (1030,5004),
    (1031,5015),
    (1032,5006),
    (1033,5005),
    (1034,5014),
    (1035,5016),
    (1036,5007),
    (1037,5009),
    (1038,5005),
    (1039,5009),
    (1040,5003),
    (1041,5006),
    (1042,5016),
    (1043,5012),
    (1044,5017),
    (1045,5017),
    (1046,5001),
    (1047,5002),
    (1048,5014),
    (1049,5006),
    (1050,5013),
    (1051,5005),
    (1052,5015),
    (1053,5004),
    (1054,5014),
    (1055,5004),
    (1056,5010),
    (1057,5009),
    (1058,5017),
    (1059,5012),
    (1060,5017),
    (1061,5014),
    (1062,5017),
    (1063,5003),
    (1064,5014),
    (1065,5017),
    (1066,5002),
    (1067,5014),
    (1068,5006),
    (1069,5009),
    (1070,5002),
    (1071,5013),
    (1072,5013),
    (1073,5017),
    (1074,5002),
    (1075,5013),
    (1076,5012),
    (1077,5003),
    (1078,5012),
    (1079,5004),
    (1080,5007),
    (1081,5014),
    (1082,5003),
    (1083,5017),
    (1084,5008),
    (1085,5015),
    (1086,5015),
    (1087,5010),
    (1088,5009),
    (1089,5017),
    (1090,5005),
    (1091,5001),
    (1092,5002),
    (1093,5012),
    (1094,5006),
    (1095,5004),
    (1096,5012),
    (1097,5016),
    (1098,5007),
    (1099,5003),
    (1100,5009),
    (1101,5001),
    (1102,5010),
    (1103,5013),
    (1104,5014),
    (1105,5006),
    (1106,5002),
    (1107,5005),
    (1108,5009),
    (1109,5011),
    (1110,5008),
    (1111,5013),
    (1112,5006),
    (1113,5014),
    (1114,5009),
    (1115,5003),
    (1116,5017),
    (1117,5006),
    (1118,5016),
    (1119,5011),
    (1120,5002),
    (1121,5012),
    (1122,5007),
    (1123,5001),
    (1124,5013),
    (1125,5011),
    (1126,5013),
    (1127,5014),
    (1128,5003),
    (1129,5012),
    (1130,5015),
    (1131,5003),
    (1132,5017),
    (1133,5008),
    (1134,5007),
    (1135,5010),
    (1136,5001),
    (1137,5004),
    (1138,5013),
    (1139,5009),
    (1140,5006),
    (1141,5005),
    (1142,5014),
    (1143,5006),
    (1144,5016),
    (1145,5007),
    (1146,5012),
    (1147,5016),
    (1148,5005),
    (1149,5002),
    (1150,5012),
    (1151,5009),
    (1152,5016),
    (1153,5006),
    (1154,5005),
    (1155,5008),
    (1156,5005),
    (1157,5016),
    (1158,5015),
    (1159,5002),
    (1160,5002),
    (1161,5002),
    (1162,5015),
    (1163,5004),
    (1164,5004),
    (1165,5015),
    (1166,5010),
    (1167,5015),
    (1168,5016),
    (1169,5006),
    (1170,5006),
    (1171,5017),
    (1172,5010),
    (1173,5013),
    (1174,5014),
    (1175,5016),
    (1176,5017),
    (1177,5015),
    (1178,5002),
    (1179,5017),
    (1180,5016),
    (1181,5013),
    (1182,5014),
    (1183,5010),
    (1184,5010),
    (1185,5014),
    (1186,5016),
    (1187,5004),
    (1188,5016),
    (1189,5006),
    (1190,5012),
    (1191,5010),
    (1192,5015),
    (1193,5016),
    (1194,5016),
    (1195,5007),
    (1196,5016),
    (1197,5008),
    (1198,5007),
    (1199,5004),
    (1200,5008),
    (1201,5008),
    (1202,5015),
    (1203,5017),
    (1204,5010),
    (1205,5016),
    (1206,5010),
    (1207,5011),
    (1208,5001),
    (1209,5006),
    (1210,5001),
    (1211,5007),
    (1212,5005),
    (1213,5004),
    (1214,5008),
    (1215,5008),
    (1216,5015),
    (1217,5002),
    (1218,5003),
    (1219,5012),
    (1220,5005),
    (1221,5016),
    (1222,5005),
    (1223,5010),
    (1224,5015),
    (1225,5014),
    (1226,5004),
    (1227,5015),
    (1228,5014),
    (1229,5007),
    (1230,5003),
    (1231,5002),
    (1232,5014),
    (1233,5015),
    (1234,5001),
    (1235,5011),
    (1236,5001),
    (1237,5002),
    (1238,5008),
    (1239,5004),
    (1240,5001),
    (1241,5005),
    (1242,5002),
    (1243,5008),
    (1244,5006),
    (1245,5001),
    (1246,5002),
    (1247,5015),
    (1248,5014),
    (1249,5015),
    (1250,5005);
INSERT INTO therapist_treats_malady VALUES
    (1251,5015),
    (1252,5004),
    (1253,5004),
    (1254,5008),
    (1255,5009),
    (1256,5005),
    (1257,5004),
    (1258,5009),
    (1259,5003),
    (1260,5005),
    (1261,5012),
    (1262,5015),
    (1263,5010),
    (1264,5001),
    (1265,5008),
    (1266,5014),
    (1267,5001),
    (1268,5007),
    (1269,5007),
    (1270,5016),
    (1271,5013),
    (1272,5001),
    (1273,5017),
    (1274,5016),
    (1275,5011),
    (1276,5014),
    (1277,5009),
    (1278,5013),
    (1279,5002),
    (1280,5016),
    (1281,5007),
    (1282,5002),
    (1283,5014),
    (1284,5006),
    (1285,5002),
    (1286,5012),
    (1287,5013),
    (1288,5016),
    (1289,5001),
    (1290,5009),
    (1291,5007),
    (1292,5015),
    (1293,5017),
    (1294,5003),
    (1295,5009),
    (1296,5010),
    (1297,5012),
    (1298,5006),
    (1299,5014),
    (1300,5004),
    (1301,5005),
    (1302,5005),
    (1303,5012),
    (1304,5005),
    (1305,5013),
    (1306,5006),
    (1307,5016),
    (1308,5004),
    (1309,5012),
    (1310,5011),
    (1311,5009),
    (1312,5015),
    (1313,5014),
    (1314,5016),
    (1315,5016),
    (1316,5008),
    (1317,5012),
    (1318,5009),
    (1319,5017),
    (1320,5011),
    (1321,5012),
    (1322,5011),
    (1323,5017),
    (1324,5003),
    (1325,5016),
    (1326,5005),
    (1327,5015),
    (1328,5012),
    (1329,5001),
    (1330,5012),
    (1331,5005),
    (1332,5002),
    (1333,5013),
    (1334,5003),
    (1335,5015),
    (1336,5015),
    (1337,5013),
    (1338,5012),
    (1339,5013),
    (1340,5013),
    (1341,5006),
    (1342,5016),
    (1343,5007),
    (1344,5012),
    (1345,5010),
    (1346,5014),
    (1347,5010),
    (1348,5010),
    (1349,5005),
    (1350,5008),
    (1351,5007),
    (1352,5012),
    (1353,5011),
    (1354,5010),
    (1355,5007),
    (1356,5009),
    (1357,5017),
    (1358,5002),
    (1359,5017),
    (1360,5006),
    (1361,5004),
    (1362,5003),
    (1363,5003),
    (1364,5005),
    (1365,5012),
    (1366,5004),
    (1367,5017),
    (1368,5012),
    (1369,5008),
    (1370,5002),
    (1371,5016),
    (1372,5008),
    (1373,5010),
    (1374,5013),
    (1375,5002),
    (1376,5001),
    (1377,5008),
    (1378,5002),
    (1379,5015),
    (1380,5013),
    (1381,5008),
    (1382,5002),
    (1383,5004),
    (1384,5003),
    (1385,5013),
    (1386,5009),
    (1387,5007),
    (1388,5013),
    (1389,5007),
    (1390,5013),
    (1391,5001),
    (1392,5006),
    (1393,5006),
    (1394,5011),
    (1395,5013),
    (1396,5002),
    (1397,5011),
    (1398,5005),
    (1399,5006),
    (1400,5010),
    (1401,5006),
    (1402,5014),
    (1403,5003),
    (1404,5010),
    (1405,5017),
    (1406,5001),
    (1407,5006),
    (1408,5011),
    (1409,5015),
    (1410,5001),
    (1411,5002),
    (1412,5004),
    (1413,5004),
    (1414,5002),
    (1415,5002),
    (1416,5013),
    (1417,5002),
    (1418,5012),
    (1419,5014),
    (1420,5001),
    (1421,5006),
    (1422,5013),
    (1423,5004),
    (1424,5001),
    (1425,5005),
    (1426,5004),
    (1427,5003),
    (1428,5010),
    (1429,5010),
    (1430,5001),
    (1431,5015),
    (1432,5001),
    (1433,5014),
    (1434,5009),
    (1435,5015),
    (1436,5009),
    (1437,5011),
    (1438,5003),
    (1439,5017),
    (1440,5002),
    (1441,5002),
    (1442,5004),
    (1443,5005),
    (1444,5006),
    (1445,5005),
    (1446,5017),
    (1447,5005),
    (1448,5007),
    (1449,5003),
    (1450,5011),
    (1451,5008),
    (1452,5004),
    (1453,5009),
    (1454,5002),
    (1455,5005),
    (1456,5001),
    (1457,5008),
    (1458,5010),
    (1459,5014),
    (1460,5004),
    (1461,5008),
    (1462,5014),
    (1463,5005),
    (1464,5017),
    (1465,5006),
    (1466,5015),
    (1467,5008),
    (1468,5002),
    (1469,5016),
    (1470,5005),
    (1471,5010),
    (1472,5015),
    (1473,5007),
    (1474,5007),
    (1475,5010),
    (1476,5002),
    (1477,5013),
    (1478,5017),
    (1479,5009),
    (1480,5014),
    (1481,5015),
    (1482,5004),
    (1483,5005),
    (1484,5009),
    (1485,5012),
    (1486,5017),
    (1487,5002),
    (1488,5005),
    (1489,5015),
    (1490,5011),
    (1491,5003),
    (1492,5012),
    (1493,5006),
    (1494,5013),
    (1495,5001),
    (1496,5017),
    (1497,5005),
    (1498,5008),
    (1499,5016),
    (1500,5008);
    
select *
from user;

INSERT INTO user VALUES
    (1,'Mickie','Labrow','mlabrow0','jii17hkj9AM','1999-04-08 00:00:00','F','mlabrow0@webeden.co.uk',90095,20007,14,'M',669,30002,1,10000),
    (2,'Brynne','Drowsfield','bdrowsfield1','DbPVKRf','1995-11-10 00:00:00','F','bdrowsfield1@ebay.co.uk',60624,20002,3,'M',38,30001,1,10001),
    (3,'Jeromy','Jerrold','jjerrold2','q6bcouzZHBDq','1977-12-16 00:00:00','M','jjerrold2@constantcontact.com',98220,20010,10,'F',765,30001,1,10000),
    (4,'Harald','Le Floch','hlefloch3','qKGI3tVnFjM','1981-09-06 00:00:00','M','hlefloch3@arstechnica.com',58520,20002,9,'M',141,30001,0,10001),
    (5,'Moises','Rawstron','mrawstron4','ai4oWnnbBit6','1996-11-03 00:00:00','M','mrawstron4@list-manage.com',54126,20008,2,'M',285,30000,0,10000),
    (6,'Farrell','Rockcliff','frockcliff5','YAZ5UBji14','1974-03-13 00:00:00','M','frockcliff5@nymag.com',84643,20013,2,'F',209,30000,0,10000),
    (7,'Felic','Acosta','facosta6','PRWdDlkPkt3','1984-09-30 00:00:00','M','facosta6@washington.edu',27252,20005,11,'M',42,30002,1,10000),
    (8,'Addi','Ingerfield','aingerfield7','G22iTsS4e','1988-06-19 00:00:00','F','aingerfield7@odnoklassniki.ru',12134,20003,11,'F',191,30000,0,10001),
    (9,'Genia','Wickman','gwickman8','695BMNauvKp','1956-12-25 00:00:00','F','gwickman8@abc.net.au',13778,20010,13,'M',97,30002,1,10001),
    (10,'Eloisa','Baress','ebaress9','TcxpKV','1969-03-06 00:00:00','F','ebaress9@wix.com',44622,20001,14,'M',67,30001,0,10000),
    (11,'Ivett','Girardin','igirardina','sTXITk','1966-02-23 00:00:00','F','igirardina@npr.org',88101,20005,11,'F',34,30002,1,10000),
    (12,'Cherey','Readmire','creadmireb','TnzBB0d','2001-08-07 00:00:00','F','creadmireb@1688.com',90305,20001,15,'M',237,30002,0,10001),
    (13,'Kareem','Thorp','kthorpc','OkW7qhCT8ut','1971-04-25 00:00:00','M','kthorpc@mac.com',60475,20005,10,'M',791,30002,0,10000),
    (14,'Marietta','O''Cahey','mocaheyd','LKvFYFxFytq','1951-06-10 00:00:00','M','mocaheyd@china.com.cn',12184,20010,2,'F',565,30000,0,10001),
    (15,'Dannie','Bedding','dbeddinge','P8ZVRKhHf','1993-12-07 00:00:00','M','dbeddinge@utexas.edu',4050,20001,7,'M',638,30000,0,10001),
    (16,'Tyrus','Tenman','ttenmanf','yM7sVbH','1970-10-11 00:00:00','M','ttenmanf@weibo.com',68325,20001,2,'F',776,30001,0,10000),
    (17,'Rosy','Leydon','rleydong','ojJCfEzKrw','1964-08-17 00:00:00','F','rleydong@about.me',3817,20000,9,'M',163,30000,1,10000),
    (18,'Caryl','Gonning','cgonningh','sIMQI4S1F','1992-03-03 00:00:00','M','cgonningh@facebook.com',56762,20012,4,'M',303,30000,1,10001),
    (19,'Alissa','Hunting','ahuntingi','dnU0hh','1983-04-09 00:00:00','F','ahuntingi@mashable.com',72122,20012,6,'M',363,30001,1,10000),
    (20,'Aguistin','Towle','atowlej','SxIf4hqpn','1995-03-11 00:00:00','M','atowlej@wp.com',48225,20007,15,'M',572,30000,1,10000),
    (21,'Romeo','Daybell','rdaybellk','nKTVQH','1974-01-28 00:00:00','M','rdaybellk@bloomberg.com',42784,20006,14,'M',140,30002,1,10000),
    (22,'Trescha','Thurlow','tthurlowl','k2Un70dH','1985-01-12 00:00:00','F','tthurlowl@parallels.com',46050,20012,9,'M',126,30002,1,10000),
    (23,'Dyana','Larsen','dlarsenm','y7kZzt','1966-06-07 00:00:00','F','dlarsenm@e-recht24.de',47885,20011,3,'F',272,30000,0,10001),
    (24,'Fred','Huff','fhuffn','J6KZUWQ','1951-09-27 00:00:00','M','fhuffn@columbia.edu',71465,20013,6,'M',773,30000,1,10001),
    (25,'Rosamond','Mougenel','rmougenelo','s432rj','1956-12-31 00:00:00','F','rmougenelo@wp.com',78572,20012,6,'F',622,30002,0,10001),
    (26,'Spense','Gillam','sgillamp','0P2i3mdT','1951-07-19 00:00:00','M','sgillamp@earthlink.net',43162,20001,2,'M',89,30000,0,10000),
    (27,'Guy','Michelin','gmichelinq','aPKHsB','1952-05-06 00:00:00','M','gmichelinq@ft.com',69046,20004,3,'F',789,30001,1,10001),
    (28,'Frederic','Rixon','frixonr','TjIHwMW65g','1989-04-17 00:00:00','M','frixonr@economist.com',68827,20008,4,'F',85,30000,0,10000),
    (29,'Marcile','Janisson','mjanissons','WAwQDyRpkZ','1988-10-02 00:00:00','F','mjanissons@utexas.edu',63070,20004,5,'F',423,30000,1,10001),
    (30,'Blakelee','Balchin','bbalchint','hk2q8X','1962-08-10 00:00:00','F','bbalchint@1688.com',19372,20012,13,'M',411,30001,1,10001),
    (31,'Nero','Skipton','nskiptonu','nx1G2uo','1992-11-05 00:00:00','M','nskiptonu@patch.com',66079,20002,8,'M',390,30000,1,10001),
    (32,'Giacopo','Bocock','gbocockv','mIJ3cVkOKS6u','1964-05-29 00:00:00','M','gbocockv@nasa.gov',54822,20008,7,'M',350,30002,0,10001),
    (33,'Erminia','Streeting','estreetingw','7E7abqdfKl','1981-08-18 00:00:00','F','estreetingw@latimes.com',61353,20010,5,'M',643,30000,1,10000),
    (34,'Delmer','Harkins','dharkinsx','0E9WEl','1952-02-14 00:00:00','M','dharkinsx@state.gov',10925,20003,5,'M',367,30002,0,10001),
    (35,'Graham','Pleat','gpleaty','DtOdiOpE','1992-01-20 00:00:00','M','gpleaty@who.int',49745,20001,2,'F',157,30001,1,10001),
    (36,'Perry','Basini-Gazzi','pbasinigazziz','UaCOQmDnPpGr','2001-07-18 00:00:00','F','pbasinigazziz@vinaora.com',29080,20000,11,'F',519,30001,0,10000),
    (37,'Humfrid','Jankovic','hjankovic10','RpLsncb1n','1982-03-02 00:00:00','M','hjankovic10@netscape.com',43435,20012,10,'M',30,30000,1,10000),
    (38,'Ferdie','Parradye','fparradye11','3PK7PfDsgf9z','1996-05-09 00:00:00','M','fparradye11@uol.com.br',68370,20000,11,'F',402,30000,0,10001),
    (39,'Christalle','Howett','chowett12','X35wlY0bayzP','1971-11-02 00:00:00','F','chowett12@joomla.org',14619,20009,4,'M',665,30002,1,10001),
    (40,'Tobie','Extall','textall13','FUWB6Cgld','1986-03-09 00:00:00','M','textall13@skyrock.com',11970,20011,6,'F',622,30000,1,10001),
    (41,'Raoul','Topping','rtopping14','M2u520CiNY2','1984-08-12 00:00:00','M','rtopping14@nba.com',78409,20000,6,'M',185,30000,1,10001),
    (42,'Marsh','Fobidge','mfobidge15','nt8TF3ZQYe','1970-11-11 00:00:00','M','mfobidge15@sun.com',7063,20012,3,'M',326,30002,0,10000),
    (43,'Freddi','Bramsen','fbramsen16','JEy3tdKS','1987-04-16 00:00:00','F','fbramsen16@sun.com',72434,20002,5,'M',668,30000,1,10001),
    (44,'Ernie','Cowgill','ecowgill17','DBYUcLk0Y','1981-04-08 00:00:00','M','ecowgill17@desdev.cn',29340,20003,4,'M',344,30001,0,10000),
    (45,'Theresita','Leven','tleven18','GOypHTSuS9','1975-11-02 00:00:00','F','tleven18@creativecommons.org',85617,20011,2,'F',335,30002,0,10000),
    (46,'Marcos','Dunhill','mdunhill19','F7rcNNH2M7Nh','1979-06-28 00:00:00','M','mdunhill19@addthis.com',74743,20008,13,'M',422,30001,0,10001),
    (47,'Maye','Connow','mconnow1a','jDmM3A7VPT','1960-04-25 00:00:00','F','mconnow1a@artisteer.com',34736,20009,13,'F',190,30001,1,10001),
    (48,'Gloriane','McIllroy','gmcillroy1b','uj1Ekc','1993-02-11 00:00:00','F','gmcillroy1b@amazon.de',45646,NULL,5,'F',32,30000,1,10000),
    (49,'Yardley','Goater','ygoater1c','JZeiZRQLcRv','1986-05-20 00:00:00','M','ygoater1c@technorati.com',72949,20012,2,'M',719,30001,1,10001),
    (50,'Alaster','Willoughey','awilloughey1d','egZCs3E','1971-10-09 00:00:00','M','awilloughey1d@imgur.com',98644,NULL,7,'F',48,30001,1,10001),
    (51,'Englebert','Bront','ebront1e','5DTOKkxrepF','1989-02-27 00:00:00','M','ebront1e@skyrock.com',43760,20010,8,'M',680,30002,1,10000),
    (52,'Neda','Cosley','ncosley1f','qc7wDDL5','2001-08-29 00:00:00','F','ncosley1f@senate.gov',66060,20000,14,'F',520,30002,0,10001),
    (53,'Ashla','Ludron','aludron1g','TvlgmExGVTj','1965-09-13 00:00:00','F','aludron1g@sphinn.com',82214,20008,11,'M',213,30002,0,10000),
    (54,'Dorette','Stanborough','dstanborough1h','GOvEe84nuWEV','1953-01-15 00:00:00','F','dstanborough1h@who.int',83128,NULL,6,'F',213,30000,1,10000),
    (55,'Vitia','Husset','vhusset1i','4AIq1Bg7IV','1972-08-13 00:00:00','F','vhusset1i@opera.com',29410,20009,6,'M',377,30001,1,10001),
    (56,'Alwyn','Dyke','adyke1j','1M40wb','1982-05-31 00:00:00','M','adyke1j@squidoo.com',35242,20013,8,'M',490,30002,1,10000),
    (57,'Kilian','Blacklidge','kblacklidge1k','PuvcpL','1987-12-10 00:00:00','M','kblacklidge1k@tripadvisor.com',12507,20005,8,'F',27,30000,0,10001),
    (58,'Phil','Lafee','plafee1l','ui1c73yHLp','1999-08-14 00:00:00','M','plafee1l@nymag.com',61821,20008,10,'F',312,30001,0,10000),
    (59,'Xylia','Ruzicka','xruzicka1m','b53UXhfUtl','1977-01-11 00:00:00','F','xruzicka1m@booking.com',47201,20012,10,'M',736,30002,1,10001),
    (60,'Rozelle','Realy','rrealy1n','30TGD0','1955-09-18 00:00:00','F','rrealy1n@mlb.com',24571,20011,12,'F',679,30002,0,10000),
    (61,'Diann','McLennan','dmclennan1o','cUKvmQyo','1999-10-24 00:00:00','F','dmclennan1o@oakley.com',41031,20001,7,'M',49,30000,0,10000),
    (62,'Penni','Bispham','pbispham1p','72I0qAVDwPo8','1964-10-24 00:00:00','F','pbispham1p@feedburner.com',31605,20008,7,'M',779,30000,1,10001),
    (63,'Eveline','Anlay','eanlay1q','ofcPK2','1980-07-04 00:00:00','F','eanlay1q@flickr.com',77067,20008,5,'F',67,30002,1,10001),
    (64,'Tyson','Tallis','ttallis1r','gfodVU6nq','2000-12-06 00:00:00','M','ttallis1r@marriott.com',97068,NULL,8,'M',194,30001,1,10000),
    (65,'Cortney','Klossek','cklossek1s','AFPEYdCw','1958-08-14 00:00:00','F','cklossek1s@pinterest.com',62245,20002,6,'M',701,30001,1,10000),
    (66,'Simon','Went','swent1t','Fne1Vf3b','1968-11-08 00:00:00','M','swent1t@purevolume.com',60549,20009,11,'F',89,30000,1,10000),
    (67,'Adey','Wabe','awabe1u','0ntpKmZ','1954-01-14 00:00:00','F','awabe1u@storify.com',15827,20005,6,'F',553,30000,0,10000),
    (68,'Tiffy','Chardin','tchardin1v','aUiLU8U','1973-02-25 00:00:00','F','tchardin1v@cyberchimps.com',87416,20010,4,'F',568,30000,0,10000),
    (69,'Isaiah','Crotty','icrotty1w','cUEh6VA','1955-06-16 00:00:00','M','icrotty1w@wikia.com',84026,NULL,8,'M',602,30002,0,10001),
    (70,'Hal','Jonah','hjonah1x','BbzkBWoH','1969-12-18 00:00:00','M','hjonah1x@wikipedia.org',76048,20002,7,'F',264,30000,0,10000),
    (71,'Brendon','Treneer','btreneer1y','PRPWeIH','1965-01-05 00:00:00','M','btreneer1y@ucoz.com',70607,20003,8,'M',572,30002,1,10001),
    (72,'Nedi','Fynan','nfynan1z','blTVszHhf','1961-10-17 00:00:00','F','nfynan1z@ifeng.com',74010,20005,4,'F',88,30000,1,10000),
    (73,'Xever','Baptist','xbaptist20','3lkXQPepUG','1973-04-18 00:00:00','M','xbaptist20@themeforest.net',39564,20007,4,'F',171,30002,0,10001),
    (74,'Clifford','Lutwidge','clutwidge21','wgBVDK2Ul','1997-01-26 00:00:00','M','clutwidge21@yandex.ru',93620,20003,7,'F',373,30001,1,10001),
    (75,'Ira','Jouhan','ijouhan22','2cdoC7O0VH','1951-01-31 00:00:00','F','ijouhan22@elpais.com',10588,20005,10,'M',277,30002,1,10000),
    (76,'Arlan','Labb','alabb23','bOxyBlsa','1952-06-07 00:00:00','M','alabb23@utexas.edu',8735,20001,13,'M',192,30001,1,10000),
    (77,'Karrie','Dronsfield','kdronsfield24','fd8Oxx5TpV7d','1962-11-08 00:00:00','F','kdronsfield24@youtube.com',46381,20010,9,'F',24,30002,0,10001),
    (78,'Earle','Rumbellow','erumbellow25','zjSO1Ofgv','1968-05-17 00:00:00','M','erumbellow25@weebly.com',38928,20008,10,'F',770,30001,0,10000),
    (79,'Bobine','Jerzyk','bjerzyk26','tavJ7uuJ','1955-04-13 00:00:00','F','bjerzyk26@harvard.edu',90247,20006,3,'F',782,30000,1,10000),
    (80,'Ulises','Jemmett','ujemmett27','9QsJq8x','1963-01-09 00:00:00','M','ujemmett27@google.fr',10538,NULL,13,'M',657,30000,0,10001),
    (81,'Etan','MacPike','emacpike28','e19ApH','1955-05-20 00:00:00','M','emacpike28@umich.edu',25624,20001,13,'M',452,30001,1,10000),
    (82,'Ramsay','Rantoul','rrantoul29','hg6cnO','1988-08-08 00:00:00','M','rrantoul29@hubpages.com',37660,20009,15,'F',581,30000,1,10000),
    (83,'Cris','Cromly','ccromly2a','32jU7S6','1988-12-10 00:00:00','F','ccromly2a@wisc.edu',60565,20004,15,'F',711,30001,1,10000),
    (84,'Melantha','Pinnijar','mpinnijar2b','Jf5aFbSO','1978-07-22 00:00:00','F','mpinnijar2b@hubpages.com',12910,20004,4,'F',222,30002,0,10000),
    (85,'Mercie','Gawne','mgawne2c','mcqgI9bHYA','1988-04-06 00:00:00','F','mgawne2c@t.co',12604,20005,9,'M',138,30001,0,10001),
    (86,'Kassia','Kulis','kkulis2d','utLKryKev','1967-09-25 00:00:00','F','kkulis2d@symantec.com',39866,NULL,3,'F',65,30000,1,10000),
    (87,'Libbey','Feaviour','lfeaviour2e','ZXPQhS0QyW','1966-04-22 00:00:00','F','lfeaviour2e@infoseek.co.jp',21028,20011,14,'M',619,30000,1,10000),
    (88,'Doloritas','Helkin','dhelkin2f','pJYAVy9','1967-04-27 00:00:00','F','dhelkin2f@ycombinator.com',60073,20011,4,'F',68,30001,0,10001),
    (89,'Yale','Atthow','yatthow2g','YsWRCRKAZfc','1973-11-25 00:00:00','M','yatthow2g@cloudflare.com',54901,20001,14,'M',119,30000,1,10001),
    (90,'D''arcy','Speeks','dspeeks2h','gBNFbNFgy','1958-09-24 00:00:00','M','dspeeks2h@sina.com.cn',21042,20002,5,'M',515,30001,1,10000),
    (91,'Andrey','Somes','asomes2i','nvibeTukT','1978-03-29 00:00:00','M','asomes2i@amazonaws.com',75602,NULL,9,'F',185,30000,1,10001),
    (92,'Matti','Drewell','mdrewell2j','kqo38M','1966-05-03 00:00:00','F','mdrewell2j@prlog.org',38621,20003,7,'M',5,30001,1,10001),
    (93,'Terrence','Bastow','tbastow2k','tQVcWX','1960-04-20 00:00:00','M','tbastow2k@si.edu',65020,20008,7,'F',371,30000,1,10001),
    (94,'Sarina','Gierke','sgierke2l','qVBWM1t','1987-12-12 00:00:00','F','sgierke2l@domainmarket.com',48770,20000,7,'M',565,30000,1,10000),
    (95,'Emylee','Whyborne','ewhyborne2m','qIcOZnnaE','1950-03-26 00:00:00','F','ewhyborne2m@jigsy.com',64679,20008,2,'M',660,30001,0,10000),
    (96,'Mendel','Maith','mmaith2n','LTdLk4in','1968-05-22 00:00:00','M','mmaith2n@hud.gov',75287,20005,3,'M',146,30002,1,10000),
    (97,'Yoshiko','Jarrette','yjarrette2o','CarJhAq','1972-03-20 00:00:00','F','yjarrette2o@va.gov',83639,20011,9,'M',794,30000,0,10000),
    (98,'Kathryne','Abbess','kabbess2p','Wzm17uOK6i9','1966-03-12 00:00:00','F','kabbess2p@bloglines.com',26278,20001,7,'M',406,30002,0,10000),
    (99,'Jerrilee','Newlove','jnewlove2q','IebMR87g','1976-11-05 00:00:00','F','jnewlove2q@cafepress.com',65347,20009,12,'M',221,30001,0,10000),
    (100,'Shell','Breton','sbreton2r','heAEk1VK','1997-05-17 00:00:00','F','sbreton2r@spiegel.de',22972,NULL,13,'F',518,30000,1,10001),
    (101,'Chase','Burehill','cburehill2s','C7cQRUwmzD','1959-12-03 00:00:00','M','cburehill2s@photobucket.com',68840,20013,12,'M',453,30001,1,10000),
    (102,'Gillan','MacNeachtain','gmacneachtain2t','GJAyYCg9wG','1994-11-16 00:00:00','F','gmacneachtain2t@feedburner.com',28652,20013,12,'F',102,30000,0,10000),
    (103,'Salmon','Saban','ssaban2u','L1zxKqRzp','1997-07-02 00:00:00','M','ssaban2u@howstuffworks.com',46781,NULL,8,'M',611,30001,0,10000),
    (104,'Linea','Hamlyn','lhamlyn2v','iWkAxs','1969-06-09 00:00:00','F','lhamlyn2v@google.fr',19559,20000,5,'F',315,30001,1,10000),
    (105,'Alonzo','Fairbridge','afairbridge2w','09OzSKQ','1982-12-07 00:00:00','M','afairbridge2w@istockphoto.com',60931,20013,4,'F',177,30000,1,10001),
    (106,'Brady','Plowman','bplowman2x','ouAZxwtfst','1952-01-06 00:00:00','M','bplowman2x@soundcloud.com',46111,20004,11,'F',40,30002,1,10000),
    (107,'Nikola','Bullick','nbullick2y','CpfAavkua','1963-07-13 00:00:00','M','nbullick2y@bizjournals.com',74854,20008,7,'F',402,30000,1,10001),
    (108,'Diego','Beckerleg','dbeckerleg2z','N96MtPlMgYp','1993-12-14 00:00:00','M','dbeckerleg2z@tuttocitta.it',10601,20000,8,'M',286,30002,1,10001),
    (109,'Major','Rodenburgh','mrodenburgh30','2uGti3q0','1970-06-05 00:00:00','M','mrodenburgh30@dot.gov',61044,20010,3,'F',8,30001,0,10000),
    (110,'Erhart','Bartkowiak','ebartkowiak31','dnzOV3','1970-11-28 00:00:00','M','ebartkowiak31@ox.ac.uk',47983,20012,7,'M',195,30002,0,10000),
    (111,'Kellie','Laurent','klaurent32','0tJW65V94q','1952-04-11 00:00:00','F','klaurent32@dailymail.co.uk',49853,20006,2,'F',473,30001,1,10000),
    (112,'Courtenay','Ogles','cogles33','oKwnypq','2000-09-05 00:00:00','F','cogles33@indiegogo.com',19002,20003,6,'F',32,30002,1,10000),
    (113,'Al','Tidswell','atidswell34','rtqyKk7vd0','1991-11-20 00:00:00','M','atidswell34@netvibes.com',25701,20011,14,'F',264,30000,0,10001),
    (114,'Delmar','McGoldrick','dmcgoldrick35','2x8zM9Lv','1962-10-06 00:00:00','M','dmcgoldrick35@github.io',62272,20008,4,'F',103,30001,0,10001),
    (115,'Lanny','Stoney','lstoney36','MX8XcZrOeK','1998-08-21 00:00:00','F','lstoney36@google.ca',68072,20010,10,'M',620,30002,0,10001),
    (116,'Ingrid','Iacomi','iiacomi37','eVvV6kH5JG','1977-11-30 00:00:00','F','iiacomi37@va.gov',70163,20001,10,'F',508,30002,0,10000),
    (117,'Perceval','Tellenbroker','ptellenbroker38','jqsPaI68R','1991-12-17 00:00:00','M','ptellenbroker38@paypal.com',44643,20001,9,'F',367,30000,0,10001),
    (118,'Dody','Sant','dsant39','cvf9An8AO','1987-11-18 00:00:00','F','dsant39@census.gov',15489,20003,15,'M',652,30000,0,10001),
    (119,'Jori','Turland','jturland3a','fsQbuvAC7L','2001-05-27 00:00:00','F','jturland3a@goo.ne.jp',41612,20002,13,'F',466,30002,0,10001),
    (120,'Gottfried','Cowpland','gcowpland3b','cIfHJCoCbM','1957-04-09 00:00:00','M','gcowpland3b@zdnet.com',28530,NULL,10,'F',206,30000,0,10001),
    (121,'Dasie','Le Frank','dlefrank3c','gsMEQnXhea1','1976-05-21 00:00:00','F','dlefrank3c@bluehost.com',94074,20001,8,'M',89,30000,1,10000),
    (122,'Vonnie','Pullan','vpullan3d','MgWIcxmatft','1993-08-31 00:00:00','F','vpullan3d@sina.com.cn',83425,20006,4,'F',748,30001,0,10000),
    (123,'Dyanne','Pedri','dpedri3e','G1Zy2Npx','1977-06-11 00:00:00','F','dpedri3e@sitemeter.com',28585,20013,10,'F',264,30000,1,10001),
    (124,'Hermon','Espin','hespin3f','NV4wqp','1954-05-17 00:00:00','M','hespin3f@youku.com',36092,20005,13,'M',557,30000,1,10000),
    (125,'Parsifal','Cochrane','pcochrane3g','jGLtkqiSzJ','1995-10-15 00:00:00','M','pcochrane3g@mozilla.com',28787,20013,12,'F',402,30002,0,10000),
    (126,'Loralee','Sewards','lsewards3h','EDhMXOdUdun8','1973-10-01 00:00:00','F','lsewards3h@over-blog.com',10535,20000,10,'M',406,30002,1,10000),
    (127,'Ad','Moxon','amoxon3i','oAYhRe9p4','1978-11-04 00:00:00','M','amoxon3i@friendfeed.com',5833,20006,6,'M',337,30002,0,10000),
    (128,'Payton','Badini','pbadini3j','ZHeGfU7XDVzd','1989-05-20 00:00:00','M','pbadini3j@bluehost.com',16743,20003,15,'F',241,30002,1,10000),
    (129,'Franky','Reddoch','freddoch3k','3xksFu','1984-01-21 00:00:00','M','freddoch3k@php.net',37415,20001,5,'M',606,30002,0,10001),
    (130,'Levy','Giacomini','lgiacomini3l','ImYfjFDgJBo','1996-07-09 00:00:00','M','lgiacomini3l@globo.com',52154,20000,9,'F',367,30000,0,10000),
    (131,'Caressa','Gibby','cgibby3m','rgiuNwCO','1964-06-15 00:00:00','F','cgibby3m@sfgate.com',14422,20005,15,'F',232,30001,1,10001),
    (132,'Lelia','Peto','lpeto3n','x4SqCsl5','1987-07-02 00:00:00','F','lpeto3n@vinaora.com',79247,NULL,8,'F',166,30002,1,10000),
    (133,'Celie','Gippes','cgippes3o','Q2zW1TedmLw','1983-10-06 00:00:00','F','cgippes3o@shareasale.com',54173,20004,14,'F',144,30002,0,10001),
    (134,'Ivar','Ardy','iardy3p','DzglIRlLd6','1998-08-12 00:00:00','M','iardy3p@altervista.org',17321,20000,14,'M',81,30002,1,10001),
    (135,'Aloysia','Synnot','asynnot3q','nVWENT','1971-05-19 00:00:00','F','asynnot3q@vimeo.com',48204,20001,7,'M',515,30000,0,10000),
    (136,'Cesya','Richt','cricht3r','q3vUj9','1974-01-18 00:00:00','F','cricht3r@naver.com',73442,20006,14,'M',18,30001,1,10001),
    (137,'Berkie','Fitzmaurice','bfitzmaurice3s','YqnLHQ','1972-05-01 00:00:00','M','bfitzmaurice3s@bloomberg.com',45440,20011,11,'M',244,30000,1,10000),
    (138,'Dehlia','de''-Ancy Willis','ddeancywillis3t','km9LjDRkP','1967-11-03 00:00:00','F','ddeancywillis3t@loc.gov',32025,20002,9,'F',472,30001,0,10000),
    (139,'Bethena','Cuckoo','bcuckoo3u','qna5oSu6g','1963-02-19 00:00:00','F','bcuckoo3u@soup.io',23061,20011,7,'M',692,30001,1,10000),
    (140,'Aubrette','Gaythorpe','agaythorpe3v','MQbm0GDy2qG','1990-11-24 00:00:00','F','agaythorpe3v@desdev.cn',18072,20001,13,'F',331,30002,0,10001),
    (141,'Concettina','Wareing','cwareing3w','Qq83iltFD0c','1961-05-30 00:00:00','F','cwareing3w@freewebs.com',55704,20003,15,'F',86,30002,1,10001),
    (142,'Corbet','Cubbinelli','ccubbinelli3x','UXgRsU','1952-05-28 00:00:00','M','ccubbinelli3x@nps.gov',11720,20006,13,'M',411,30002,1,10000),
    (143,'Siegfried','Simmonett','ssimmonett3y','8MtRY5TEMOHY','1983-02-13 00:00:00','M','ssimmonett3y@japanpost.jp',74756,20001,15,'F',248,30001,1,10001),
    (144,'Kary','List','klist3z','Mn0SRf','1985-05-04 00:00:00','F','klist3z@i2i.jp',87106,20001,9,'M',79,30002,0,10001),
    (145,'Wayland','Kaufman','wkaufman40','H852iXpXI','1977-05-01 00:00:00','M','wkaufman40@sfgate.com',36317,20008,15,'F',525,30002,1,10001),
    (146,'Victoria','Satchell','vsatchell41','TMunV1y05YpE','2000-01-17 00:00:00','F','vsatchell41@github.io',18011,20009,3,'M',124,30001,0,10000),
    (147,'Sullivan','Henderson','shenderson42','7N9AYa','1992-01-14 00:00:00','M','shenderson42@indiegogo.com',18030,20011,2,'M',769,30000,0,10000),
    (148,'Jayme','Sitford','jsitford43','QIrhcp','1979-01-21 00:00:00','F','jsitford43@huffingtonpost.com',44505,20004,10,'F',40,30001,0,10000),
    (149,'Demott','Franceschelli','dfranceschelli44','0YNXZ96zS','1994-04-19 00:00:00','M','dfranceschelli44@intel.com',66550,20007,12,'F',8,30002,1,10001),
    (150,'Bessy','Aleksankov','baleksankov45','rRyKYHA','1954-02-15 00:00:00','F','baleksankov45@mac.com',80520,20013,8,'F',497,30002,1,10001),
    (151,'Jackie','Keoghan','jkeoghan46','BJGKeyl0N','1996-02-24 00:00:00','F','jkeoghan46@exblog.jp',33931,20010,2,'M',660,30002,1,10000),
    (152,'Gilbert','Hagart','ghagart47','F2GMyZ2138he','1965-07-12 00:00:00','M','ghagart47@istockphoto.com',99667,20001,9,'F',683,30001,1,10000),
    (153,'Casie','McGloughlin','cmcgloughlin48','ZgBETct9MYiK','1996-02-04 00:00:00','F','cmcgloughlin48@spotify.com',33180,20001,15,'F',623,30002,1,10000),
    (154,'Cosetta','Cornu','ccornu49','y7KD3vzoW','1955-10-05 00:00:00','F','ccornu49@amazon.co.uk',33935,20000,2,'F',275,30000,0,10001),
    (155,'Gail','Rashleigh','grashleigh4a','eLQbZ1jp','1956-03-03 00:00:00','M','grashleigh4a@skype.com',36260,20005,15,'M',394,30000,0,10000),
    (156,'Rene','Swindles','rswindles4b','V8Y04TGIiD','1985-08-04 00:00:00','M','rswindles4b@hubpages.com',31522,20003,9,'F',39,30002,1,10001),
    (157,'Annnora','Scholefield','ascholefield4c','6XRrfKI','1956-06-22 00:00:00','F','ascholefield4c@howstuffworks.com',10012,20010,5,'F',316,30002,1,10001),
    (158,'Harvey','Smallthwaite','hsmallthwaite4d','yvSDeNWEiZG','1980-12-08 00:00:00','M','hsmallthwaite4d@163.com',48438,20003,14,'F',364,30001,0,10001),
    (159,'Carmine','Laise','claise4e','NvQCVKdhV','1990-12-01 00:00:00','F','claise4e@tripod.com',22726,NULL,3,'F',97,30001,1,10001),
    (160,'Isobel','Ca','ica4f','IeKSX4um','1962-07-05 00:00:00','F','ica4f@wsj.com',6710,20012,11,'F',614,30000,1,10001),
    (161,'Kevon','Barthel','kbarthel4g','SCfsQVq','1997-06-20 00:00:00','M','kbarthel4g@digg.com',73651,20001,13,'F',742,30001,1,10000),
    (162,'Perkin','Harlick','pharlick4h','tZvRzMdAv6i6','1975-11-02 00:00:00','M','pharlick4h@wufoo.com',27050,20006,12,'F',186,30001,1,10001),
    (163,'Livia','Bucktrout','lbucktrout4i','9aYCxh','1957-05-24 00:00:00','F','lbucktrout4i@acquirethisname.com',94085,20006,13,'M',660,30002,1,10001),
    (164,'Aharon','Hulmes','ahulmes4j','XW4j6uQkH','1957-07-22 00:00:00','M','ahulmes4j@who.int',46222,NULL,4,'M',186,30002,1,10000),
    (165,'Othella','Byforth','obyforth4k','sklXTwP3','2001-02-14 00:00:00','F','obyforth4k@independent.co.uk',77090,NULL,13,'M',529,30002,1,10000),
    (166,'Stephine','Hargerie','shargerie4l','k11pGboQO','1968-03-23 00:00:00','F','shargerie4l@newyorker.com',23942,20013,13,'M',687,30002,1,10001),
    (167,'Lenette','Neeson','lneeson4m','fbGxaw02BvsB','2000-10-21 00:00:00','F','lneeson4m@msn.com',14622,20001,9,'M',471,30002,0,10001),
    (168,'Creigh','Mews','cmews4n','Ef0DBf9Q2w','1974-03-07 00:00:00','M','cmews4n@ehow.com',35469,20002,7,'M',308,30001,1,10000),
    (169,'Florida','Jeannard','fjeannard4o','LIhTRLcFe','1991-04-29 00:00:00','F','fjeannard4o@psu.edu',41622,20010,11,'F',178,30002,1,10000),
    (170,'Ginevra','Spat','gspat4p','oZ8O0WT0','1971-12-30 00:00:00','F','gspat4p@cnbc.com',59253,20005,4,'M',272,30002,0,10001),
    (171,'Faustine','Isaksson','fisaksson4q','qs3C9tj','2000-02-18 00:00:00','F','fisaksson4q@washingtonpost.com',87583,20007,5,'F',227,30002,0,10000),
    (172,'Townsend','Backwell','tbackwell4r','FGx2JYzbZQEN','1998-11-26 00:00:00','M','tbackwell4r@businessinsider.com',48476,20004,2,'F',728,30001,1,10001),
    (173,'Adrian','Handsheart','ahandsheart4s','2v5D6DG','1982-06-13 00:00:00','F','ahandsheart4s@symantec.com',89130,20006,14,'F',335,30001,0,10001),
    (174,'Norris','Pincott','npincott4t','pR24nOaTxEAq','1995-11-28 00:00:00','M','npincott4t@github.io',95255,20002,7,'F',670,30001,1,10000),
    (175,'Winny','Gosdin','wgosdin4u','FguqDwIYS6','1977-12-08 00:00:00','F','wgosdin4u@home.pl',87499,20012,4,'M',574,30000,1,10000),
    (176,'Anastasie','Convery','aconvery4v','nSnAbMWQ8','1966-10-22 00:00:00','F','aconvery4v@ox.ac.uk',39665,20006,9,'M',505,30002,0,10000),
    (177,'Robin','Crowcombe','rcrowcombe4w','XODcWtxL','1966-08-30 00:00:00','M','rcrowcombe4w@netvibes.com',49922,20000,15,'M',513,30000,1,10000),
    (178,'Estella','Lawrenson','elawrenson4x','9HXt4KAqP','1981-02-04 00:00:00','F','elawrenson4x@google.nl',45807,20004,4,'M',611,30002,0,10000),
    (179,'Iago','Wharrier','iwharrier4y','jQGO52Q6','1959-10-16 00:00:00','M','iwharrier4y@house.gov',43540,20001,8,'M',442,30000,1,10000),
    (180,'Pascale','Leebetter','pleebetter4z','PAnpyffG','2001-11-16 00:00:00','M','pleebetter4z@yelp.com',66436,20001,9,'M',591,30001,0,10000),
    (181,'Sheff','Waddicor','swaddicor50','AO7njgE1gu','1987-08-04 00:00:00','M','swaddicor50@sfgate.com',98848,20005,10,'M',750,30001,1,10000),
    (182,'Carmencita','Bridson','cbridson51','4VP8u9hn','1969-05-15 00:00:00','F','cbridson51@drupal.org',50327,20007,9,'M',73,30001,0,10000),
    (183,'Raimund','Parrington','rparrington52','1jEmNY9gD','1993-07-04 00:00:00','M','rparrington52@goo.ne.jp',21913,20011,9,'F',53,30001,0,10001),
    (184,'Gerda','Raulston','graulston53','nHqAt2IRu','1989-11-20 00:00:00','F','graulston53@hubpages.com',80817,20011,5,'M',165,30001,0,10001),
    (185,'Zared','Loughton','zloughton54','zGLafNYEyIhB','1952-08-20 00:00:00','M','zloughton54@google.com.hk',68740,20013,10,'F',140,30001,0,10001),
    (186,'Alberik','McCathy','amccathy55','SFbXoBn','1962-07-01 00:00:00','M','amccathy55@google.it',61614,20000,12,'F',564,30001,0,10001),
    (187,'Gannie','Moncrefe','gmoncrefe56','3g6jUwV47a','1971-08-24 00:00:00','M','gmoncrefe56@usatoday.com',4049,NULL,5,'M',273,30001,0,10001),
    (188,'Maurie','Mingay','mmingay57','Fha9J6B','1985-10-22 00:00:00','M','mmingay57@miitbeian.gov.cn',39323,20011,11,'F',166,30002,0,10000),
    (189,'Ebba','Asche','easche58','YmcqqzZ0Sr','1985-11-10 00:00:00','F','easche58@dailymotion.com',60102,20010,15,'F',96,30000,0,10000),
    (190,'Sonja','Vasenkov','svasenkov59','4Ue5xceNl','1978-08-04 00:00:00','F','svasenkov59@yahoo.co.jp',72686,20004,14,'F',390,30000,1,10001),
    (191,'Elvina','MacAlpine','emacalpine5a','kzTrme5fm','1981-07-14 00:00:00','F','emacalpine5a@blog.com',2898,20007,14,'F',557,30000,0,10000),
    (192,'Andreana','Wittier','awittier5b','pnXjYJMy1','1982-11-27 00:00:00','F','awittier5b@businesswire.com',71438,20007,5,'F',370,30000,1,10001),
    (193,'Gladys','Bucklan','gbucklan5c','82S24XYfLpY','1984-08-21 00:00:00','F','gbucklan5c@forbes.com',25512,20001,3,'M',111,30002,0,10001),
    (194,'Saxe','Beardsall','sbeardsall5d','ZfEkVpYBRu','1984-11-03 00:00:00','M','sbeardsall5d@nasa.gov',4280,20001,13,'F',793,30000,0,10000),
    (195,'Lilah','Jikylls','ljikylls5e','R3TqmLQg','1959-02-09 00:00:00','F','ljikylls5e@csmonitor.com',2645,20011,9,'M',649,30001,0,10001),
    (196,'Elihu','Mountlow','emountlow5f','qNIATEjjUuIU','1990-05-15 00:00:00','M','emountlow5f@linkedin.com',12910,20001,8,'M',618,30002,1,10001),
    (197,'Darnall','Willimont','dwillimont5g','P6FApcmcxP1','1963-05-31 00:00:00','M','dwillimont5g@w3.org',43123,20009,3,'M',700,30002,1,10001),
    (198,'Efren','Gasking','egasking5h','h2IguL1d2','1979-08-10 00:00:00','M','egasking5h@topsy.com',21662,NULL,3,'M',277,30001,0,10000),
    (199,'Frederica','Larchier','flarchier5i','34K8DUGVP','1994-04-25 00:00:00','F','flarchier5i@squarespace.com',59466,20008,13,'F',471,30000,1,10000),
    (200,'Cly','Kirman','ckirman5j','ujOZf6CULXlz','1975-01-01 00:00:00','M','ckirman5j@twitpic.com',98256,20000,13,'F',677,30002,0,10001),
    (201,'Shaina','Quick','squick5k','0LZBveWN5n','1976-04-15 00:00:00','F','squick5k@issuu.com',63101,20008,5,'M',670,30001,0,10001),
    (202,'Bail','Tandy','btandy5l','Pr0Cu9FKd','1977-04-15 00:00:00','M','btandy5l@multiply.com',30546,NULL,13,'M',785,30001,0,10001),
    (203,'Eli','Trencher','etrencher5m','ZsIutjnCm','1982-07-23 00:00:00','M','etrencher5m@digg.com',42354,20004,13,'F',581,30000,0,10000),
    (204,'Alasteir','Andrus','aandrus5n','mJQltWjI','1993-01-03 00:00:00','M','aandrus5n@nasa.gov',46379,20005,2,'M',619,30001,1,10001),
    (205,'Rik','Lyddyard','rlyddyard5o','v3yz7XQN','1961-03-30 00:00:00','M','rlyddyard5o@eventbrite.com',66097,20007,11,'F',376,30000,1,10000),
    (206,'Vanna','Barrott','vbarrott5p','CEelKPVTh','1995-04-29 00:00:00','F','vbarrott5p@usnews.com',45249,20010,11,'M',426,30002,1,10001),
    (207,'Arden','Brodway','abrodway5q','dTBNmWBiI','1966-05-05 00:00:00','F','abrodway5q@php.net',34956,20010,12,'M',498,30002,0,10000),
    (208,'Katuscha','Gipp','kgipp5r','ilzQe5bM','1966-10-31 00:00:00','F','kgipp5r@admin.ch',72027,20009,10,'M',794,30001,0,10000),
    (209,'Pierre','Vashchenko','pvashchenko5s','YFAW993j4k','2001-09-06 00:00:00','M','pvashchenko5s@gov.uk',66510,20010,6,'M',407,30002,0,10001),
    (210,'Arabella','Bowra','abowra5t','BjAgvHY','1985-10-02 00:00:00','F','abowra5t@cbc.ca',86028,20012,12,'M',710,30001,1,10001),
    (211,'Jayson','Waters','jwaters5u','r2krmE','1954-12-05 00:00:00','M','jwaters5u@comsenz.com',56157,20000,11,'M',375,30001,0,10001),
    (212,'Ludovika','Gillmore','lgillmore5v','Q5Y90vM0GHb','1974-11-02 00:00:00','F','lgillmore5v@soundcloud.com',43971,20007,11,'F',751,30001,0,10000),
    (213,'Adelbert','Hicks','ahicks5w','fOPHwWoaR','1994-02-11 00:00:00','M','ahicks5w@jimdo.com',57640,20008,5,'M',267,30002,0,10000),
    (214,'Hurlee','Hovy','hhovy5x','MrbRfN','1968-10-29 00:00:00','M','hhovy5x@addthis.com',47018,20003,2,'M',670,30002,1,10000),
    (215,'Tab','Skiggs','tskiggs5y','p9195UYymB','1985-12-28 00:00:00','M','tskiggs5y@goo.gl',80481,20011,11,'M',562,30001,0,10001),
    (216,'Gaby','Goldhill','ggoldhill5z','Ve5Ia0q','1951-05-19 00:00:00','M','ggoldhill5z@etsy.com',12561,20011,9,'F',466,30002,0,10001),
    (217,'Kane','Salvidge','ksalvidge60','VOKxjCxq','1954-04-19 00:00:00','M','ksalvidge60@ft.com',68309,20005,7,'M',568,30001,1,10000),
    (218,'Charleen','Stoffler','cstoffler61','3sYfHXsDGY','1981-10-07 00:00:00','F','cstoffler61@moonfruit.com',65440,20008,3,'M',20,30002,1,10001),
    (219,'Rodie','Hargie','rhargie62','iOD8YU7I9IrA','1969-08-15 00:00:00','F','rhargie62@networksolutions.com',72067,20001,15,'F',418,30001,1,10000),
    (220,'Zacherie','McKernan','zmckernan63','KgqSr4','1981-07-12 00:00:00','M','zmckernan63@phoca.cz',38080,20005,10,'F',420,30000,1,10000),
    (221,'Karlens','Fishbourn','kfishbourn64','F4NXeN1','1995-07-17 00:00:00','M','kfishbourn64@tiny.cc',34442,20002,11,'M',372,30000,1,10000),
    (222,'Corie','Gilardone','cgilardone65','1PmMlhv','1967-07-11 00:00:00','F','cgilardone65@uiuc.edu',30667,20011,9,'F',262,30000,0,10000),
    (223,'Jaquelin','Champagne','jchampagne66','GrTFwhnl5w','1989-06-24 00:00:00','F','jchampagne66@cargocollective.com',99732,20002,9,'F',132,30001,1,10000),
    (224,'Bebe','Butterley','bbutterley67','L0mgJtOV','1950-10-17 00:00:00','F','bbutterley67@i2i.jp',39747,20004,6,'M',403,30001,0,10001),
    (225,'Ive','Maudsley','imaudsley68','zNEXy8rXXbO','1953-05-11 00:00:00','M','imaudsley68@cisco.com',49120,20006,5,'M',598,30002,1,10000),
    (226,'Aigneis','Brimmell','abrimmell69','pTHuyE','1959-05-31 00:00:00','F','abrimmell69@1688.com',53969,20012,2,'F',401,30002,1,10001),
    (227,'Lynett','Goodere','lgoodere6a','mLq8V5mRJP','1983-11-04 00:00:00','F','lgoodere6a@stanford.edu',81248,20011,12,'M',373,30000,1,10001),
    (228,'Patti','Griss','pgriss6b','HB1BPwU4DD','1988-06-21 00:00:00','F','pgriss6b@oakley.com',99519,20008,7,'F',306,30001,0,10000),
    (229,'Eamon','Novelli','enovelli6c','aNTo66Jlh','1965-07-31 00:00:00','M','enovelli6c@163.com',8102,20010,7,'F',326,30000,0,10000),
    (230,'Lorne','Ferrar','lferrar6d','FueTgey','1951-08-12 00:00:00','F','lferrar6d@dailymotion.com',24368,20006,12,'F',116,30002,0,10000),
    (231,'Gaylord','Grane','ggrane6e','7ZLSvV1','1984-11-03 00:00:00','M','ggrane6e@upenn.edu',87031,20011,6,'M',382,30001,0,10001),
    (232,'Ryley','Gouldstone','rgouldstone6f','bBYA9tSwg','1954-01-04 00:00:00','M','rgouldstone6f@biglobe.ne.jp',49760,20013,13,'M',207,30002,0,10000),
    (233,'Linn','Kinver','lkinver6g','sHsvc8SbPoF','1992-06-24 00:00:00','M','lkinver6g@foxnews.com',80701,20004,7,'M',654,30002,1,10001),
    (234,'Fidole','Showalter','fshowalter6h','zSxkF5puJQP','1986-08-16 00:00:00','M','fshowalter6h@guardian.co.uk',13041,20010,5,'F',644,30000,0,10000),
    (235,'Stanford','Cogley','scogley6i','b3Lmm8S4g','1957-10-19 00:00:00','M','scogley6i@accuweather.com',73531,20005,15,'M',350,30000,1,10000),
    (236,'Brion','Almeida','balmeida6j','VocpBfmMi','1950-08-17 00:00:00','M','balmeida6j@w3.org',37388,20001,4,'F',42,30000,1,10000),
    (237,'Kira','Hazlewood','khazlewood6k','E3UfWDWi8','1959-01-31 00:00:00','F','khazlewood6k@lulu.com',44875,20008,14,'F',311,30001,0,10000),
    (238,'Selinda','Leighfield','sleighfield6l','UqgiBZfrieT','1987-02-27 00:00:00','F','sleighfield6l@yahoo.com',17215,20001,3,'M',178,30000,0,10000),
    (239,'Marion','Beed','mbeed6m','uuiyQe','1953-01-05 00:00:00','F','mbeed6m@yahoo.co.jp',5447,20009,4,'F',35,30001,0,10000),
    (240,'Tam','Padberry','tpadberry6n','uU2jLzfoKBv','1956-09-09 00:00:00','M','tpadberry6n@issuu.com',33538,20013,6,'M',722,30001,0,10000),
    (241,'Maddalena','Ottosen','mottosen6o','vpjADw0BnT','1987-03-24 00:00:00','F','mottosen6o@diigo.com',95837,20002,8,'F',541,30001,0,10000),
    (242,'Elfrieda','Aizkovitch','eaizkovitch6p','yIXUGwdsAAJZ','1952-03-29 00:00:00','F','eaizkovitch6p@free.fr',79520,20011,9,'M',317,30002,0,10000),
    (243,'Lanie','Runnacles','lrunnacles6q','DlgVJCZ','1967-11-07 00:00:00','M','lrunnacles6q@imdb.com',25840,20009,9,'F',646,30000,1,10001),
    (244,'Tilda','Streeter','tstreeter6r','ZmBNv4W','1995-07-09 00:00:00','F','tstreeter6r@smh.com.au',56245,20004,5,'F',39,30001,1,10000),
    (245,'Natty','Eldrid','neldrid6s','tHzNWWb','1999-08-20 00:00:00','M','neldrid6s@google.fr',35563,20003,11,'F',459,30000,1,10000),
    (246,'Walther','Glencross','wglencross6t','9oxXcroQpnYA','1972-02-01 00:00:00','M','wglencross6t@shop-pro.jp',58572,20005,12,'F',303,30000,0,10000),
    (247,'Shellysheldon','Heaton','sheaton6u','h9zikSQCKI','1999-02-12 00:00:00','M','sheaton6u@mit.edu',85257,20000,5,'M',459,30000,1,10001),
    (248,'Teri','Spaxman','tspaxman6v','lXjr1CXU','1990-10-11 00:00:00','F','tspaxman6v@so-net.ne.jp',27879,20003,7,'M',798,30001,0,10000),
    (249,'Byron','Mathews','bmathews6w','duQ4ssldvSlI','1984-08-14 00:00:00','M','bmathews6w@state.gov',75237,20011,14,'M',71,30000,1,10001),
    (250,'Thebault','Broxholme','tbroxholme6x','RpYVeX2p','1950-01-07 00:00:00','M','tbroxholme6x@sogou.com',2072,NULL,11,'F',398,30002,0,10001);
INSERT INTO user VALUES
    (251,'Tory','Marians','tmarians6y','haEyEZXaRap','1968-03-03 00:00:00','F','tmarians6y@addtoany.com',48825,20000,9,'F',187,30001,1,10000),
    (252,'Haydon','Peevor','hpeevor6z','kt670A5yd','1995-02-11 00:00:00','M','hpeevor6z@discuz.net',63941,20004,11,'F',76,30000,1,10001),
    (253,'Marlena','Sails','msails70','OBZYMzabmfhh','1950-03-01 00:00:00','F','msails70@bizjournals.com',84765,20002,5,'F',680,30000,0,10001),
    (254,'Vannie','Ahern','vahern71','VjIn6whi5','1959-08-30 00:00:00','F','vahern71@twitter.com',95472,20008,7,'F',561,30002,0,10000),
    (255,'Horace','Wenman','hwenman72','xzyPEoa8Wu','1987-11-02 00:00:00','M','hwenman72@hatena.ne.jp',48827,20009,2,'M',212,30000,1,10000),
    (256,'Brenda','Tomkins','btomkins73','p3mxEnsaH7qC','1979-12-04 00:00:00','F','btomkins73@yellowbook.com',38456,20006,2,'M',551,30000,1,10000),
    (257,'Archibald','Gherardi','agherardi74','8gIcADXlcJ4O','1959-09-22 00:00:00','M','agherardi74@drupal.org',72122,20010,5,'M',718,30000,1,10001),
    (258,'Kassie','Mowatt','kmowatt75','Odbo6KOs','1955-10-16 00:00:00','F','kmowatt75@newyorker.com',88136,20008,11,'F',149,30000,1,10000),
    (259,'Sher','Constant','sconstant76','qcaZ4DxHhn0','2001-09-19 00:00:00','F','sconstant76@themeforest.net',49837,20001,15,'F',332,30001,1,10001),
    (260,'Derrick','Ellph','dellph77','XGVn0P1SuG','1996-10-19 00:00:00','M','dellph77@washingtonpost.com',63876,20012,6,'F',619,30002,1,10001),
    (261,'Flynn','Craik','fcraik78','RCNDsMiSSkFZ','1965-03-17 00:00:00','M','fcraik78@shareasale.com',49947,20006,14,'F',342,30002,1,10000),
    (262,'Michele','Broome','mbroome79','eKLjCnDIE3TR','1962-12-16 00:00:00','M','mbroome79@myspace.com',46049,20003,2,'M',170,30001,0,10000),
    (263,'Tallie','Flacknell','tflacknell7a','wq0YiQoB6KGo','1956-05-08 00:00:00','M','tflacknell7a@mail.ru',64479,20004,4,'M',734,30000,1,10001),
    (264,'Truman','Looks','tlooks7b','IORhOpT4KaPx','1996-07-10 00:00:00','M','tlooks7b@is.gd',95822,20001,5,'M',479,30001,1,10001),
    (265,'Claiborne','Askin','caskin7c','3doprOCPLQKD','1975-05-03 00:00:00','M','caskin7c@wunderground.com',29065,20011,11,'F',335,30000,1,10000),
    (266,'Nerte','Whiston','nwhiston7d','NKTkhwN1Zlo','1966-04-20 00:00:00','F','nwhiston7d@dropbox.com',83604,20001,3,'M',315,30002,0,10001),
    (267,'Carlye','Beamish','cbeamish7e','25lxRBFsv','2000-05-15 00:00:00','F','cbeamish7e@cpanel.net',75428,20003,12,'F',552,30001,0,10000),
    (268,'Celinda','Greedy','cgreedy7f','eUuU4m','1981-04-17 00:00:00','F','cgreedy7f@sitemeter.com',79032,20001,12,'M',271,30001,0,10001),
    (269,'Tye','Farey','tfarey7g','mt9gKUyVza9','1980-01-27 00:00:00','M','tfarey7g@goodreads.com',3743,20000,7,'M',105,30000,1,10000),
    (270,'Licha','Manson','lmanson7h','OEMq0hXFjuj','1980-09-25 00:00:00','F','lmanson7h@printfriendly.com',72149,20001,11,'M',104,30002,0,10001),
    (271,'Fletcher','Figger','ffigger7i','AnHLraz7g0y','1985-12-01 00:00:00','M','ffigger7i@vkontakte.ru',67753,20007,15,'F',653,30002,1,10001),
    (272,'Laurel','Mudge','lmudge7j','Pfd2qoYDgbC','1965-07-09 00:00:00','F','lmudge7j@seattletimes.com',46392,20010,7,'M',763,30002,1,10000),
    (273,'Irina','Essel','iessel7k','suhvvTX0','1987-01-06 00:00:00','F','iessel7k@skype.com',72135,20002,8,'M',231,30002,0,10001),
    (274,'Drugi','Sponder','dsponder7l','rSPmtVOhP','1983-11-15 00:00:00','M','dsponder7l@plala.or.jp',55014,20009,14,'F',776,30000,1,10001),
    (275,'Port','Uttley','puttley7m','AOpLKA1f2uyy','1991-12-23 00:00:00','M','puttley7m@gmpg.org',39669,20007,10,'F',356,30000,0,10000),
    (276,'Mahmud','Cohane','mcohane7n','s5PNRgQ7KY3h','1993-09-17 00:00:00','M','mcohane7n@go.com',1748,20004,11,'F',526,30000,1,10001),
    (277,'Alberik','Nouch','anouch7o','3wYXIZWl5','1969-11-03 00:00:00','M','anouch7o@google.fr',29809,20013,2,'M',90,30000,0,10001),
    (278,'Niles','Cocci','ncocci7p','0NtFaxVVEz9','1954-02-25 00:00:00','M','ncocci7p@uol.com.br',78954,20011,3,'F',768,30000,0,10000),
    (279,'Addy','Dismore','adismore7q','edfzNQBdOW','1954-11-30 00:00:00','M','adismore7q@dion.ne.jp',84035,20009,6,'F',596,30002,1,10001),
    (280,'Zolly','Redwood','zredwood7r','mTpBkC','1967-10-16 00:00:00','M','zredwood7r@boston.com',11769,20001,6,'F',505,30000,1,10000),
    (281,'Felicle','Charnley','fcharnley7s','Aj3vm5zIyF','2001-04-21 00:00:00','F','fcharnley7s@istockphoto.com',91762,NULL,7,'M',524,30002,0,10001),
    (282,'Yvonne','Philippsohn','yphilippsohn7t','wrcappKDO','1962-06-03 00:00:00','F','yphilippsohn7t@clickbank.net',65261,20001,14,'M',265,30001,1,10001),
    (283,'Corenda','Vignal','cvignal7u','yXxsx0VG','1981-01-27 00:00:00','F','cvignal7u@mozilla.org',5352,20008,9,'F',49,30000,0,10001),
    (284,'Josy','Templar','jtemplar7v','YyvkM5dyJkej','1960-08-05 00:00:00','F','jtemplar7v@opensource.org',83851,20012,10,'F',562,30001,1,10000),
    (285,'Kelbee','Broseke','kbroseke7w','5pYQPJArDbPF','1990-12-11 00:00:00','M','kbroseke7w@ameblo.jp',11941,20007,3,'M',775,30001,0,10001),
    (286,'Konrad','McVane','kmcvane7x','KbYsC6NYuBt','1954-11-26 00:00:00','M','kmcvane7x@squarespace.com',13601,NULL,5,'F',494,30001,1,10000),
    (287,'Carlie','Shawcross','cshawcross7y','EKISKs2o2rmJ','1970-03-10 00:00:00','M','cshawcross7y@addthis.com',12528,20001,13,'M',660,30000,1,10001),
    (288,'Augustine','Houson','ahouson7z','RjrHaOWmE5fi','1994-10-12 00:00:00','M','ahouson7z@intel.com',60029,20012,12,'M',734,30001,0,10000),
    (289,'Pierson','Skegg','pskegg80','AoIkCw4Ylzym','1974-10-12 00:00:00','M','pskegg80@woothemes.com',42274,20010,2,'M',276,30000,0,10000),
    (290,'Minor','Fullilove','mfullilove81','LbIjDAJv9roU','1988-06-14 00:00:00','M','mfullilove81@hostgator.com',58341,20012,6,'M',497,30001,0,10001),
    (291,'Webb','Escott','wescott82','gaFUOD0XnPQD','1973-03-04 00:00:00','M','wescott82@1und1.de',28436,20013,14,'M',360,30001,1,10001),
    (292,'Aldis','Cardew','acardew83','9RIcRqzY','1974-01-12 00:00:00','M','acardew83@sina.com.cn',54730,20008,6,'M',663,30002,0,10001),
    (293,'Carin','Jillings','cjillings84','EuAJp2','1959-09-26 00:00:00','F','cjillings84@uol.com.br',91915,20009,15,'F',614,30002,0,10001),
    (294,'Nert','Puddin','npuddin85','A0arKMsf8','1979-02-04 00:00:00','F','npuddin85@scientificamerican.com',73097,20006,13,'F',249,30001,0,10000),
    (295,'Desi','Nancarrow','dnancarrow86','qKUISA9','1964-09-07 00:00:00','M','dnancarrow86@europa.eu',95110,20002,2,'M',407,30000,0,10001),
    (296,'Tadd','Mulvagh','tmulvagh87','Qplr7CJHjr','1972-06-07 00:00:00','M','tmulvagh87@ucsd.edu',78620,20007,3,'F',527,30001,0,10000),
    (297,'La verne','Towndrow','ltowndrow88','iEVlFozN8','1966-03-27 00:00:00','F','ltowndrow88@youtu.be',43970,20009,3,'M',480,30000,1,10001),
    (298,'Angie','Pavlenko','apavlenko89','vBZAMd','1999-05-24 00:00:00','F','apavlenko89@hibu.com',78644,20013,3,'F',516,30002,0,10001),
    (299,'Kellen','Tomei','ktomei8a','r9HaH7VmsfwW','1982-08-27 00:00:00','M','ktomei8a@japanpost.jp',71001,20001,7,'M',786,30000,0,10000),
    (300,'Dunc','MacAnellye','dmacanellye8b','mvCMBSwpG','1951-03-05 00:00:00','M','dmacanellye8b@gnu.org',38768,20002,12,'M',368,30001,1,10000),
    (301,'Jeralee','Aldridge','jaldridge8c','W4bxhedkB81','1963-08-12 00:00:00','F','jaldridge8c@cocolog-nifty.com',61812,20013,7,'M',425,30001,0,10000),
    (302,'Van','Westmancoat','vwestmancoat8d','1A1asj8l1fgj','1970-10-16 00:00:00','M','vwestmancoat8d@mlb.com',72464,20010,5,'M',762,30000,0,10000),
    (303,'Kayle','Coath','kcoath8e','Vrfa73aKW4G','1993-03-22 00:00:00','F','kcoath8e@time.com',89444,20013,3,'F',523,30002,0,10001),
    (304,'Thedrick','Olivo','tolivo8f','xklAYS','1975-02-18 00:00:00','M','tolivo8f@ca.gov',95073,20001,6,'M',125,30001,1,10000),
    (305,'Donny','Faircloth','dfaircloth8g','tQdp6Hdc','1996-05-31 00:00:00','M','dfaircloth8g@edublogs.org',65560,20000,10,'F',758,30000,1,10001),
    (306,'Tiffie','Vannoni','tvannoni8h','Ze69TnBIkkSM','1995-01-21 00:00:00','F','tvannoni8h@123-reg.co.uk',98342,20009,13,'M',637,30002,0,10001),
    (307,'Alex','Orro','aorro8i','0HJnDZv7fVR','1956-09-03 00:00:00','F','aorro8i@elpais.com',20520,20010,3,'F',692,30002,1,10000),
    (308,'Bartholomeus','Billam','bbillam8j','Z11zDBT','1972-11-24 00:00:00','M','bbillam8j@meetup.com',59801,20012,12,'M',613,30000,0,10000),
    (309,'Desirae','Camble','dcamble8k','8kLY0FI','1993-01-28 00:00:00','F','dcamble8k@ucoz.com',6705,20009,7,'M',761,30002,1,10000),
    (310,'Donnell','Howles','dhowles8l','KgEWbW','1963-08-24 00:00:00','M','dhowles8l@rakuten.co.jp',77013,20009,15,'F',745,30000,0,10001),
    (311,'Roddy','Luten','rluten8m','c3IvZkzp','1959-09-14 00:00:00','M','rluten8m@indiatimes.com',63769,20005,13,'F',781,30001,1,10000),
    (312,'Gweneth','Shulem','gshulem8n','B8EKG1nT','1963-09-20 00:00:00','F','gshulem8n@t.co',60091,20012,2,'M',92,30002,1,10000),
    (313,'Heddi','Thew','hthew8o','gsbncW3x7xd','1976-11-10 00:00:00','F','hthew8o@phoca.cz',52577,20011,7,'F',559,30002,0,10000),
    (314,'Becca','Batham','bbatham8p','yWGYNlFELZgC','2001-04-01 00:00:00','F','bbatham8p@privacy.gov.au',15020,20005,15,'F',626,30001,0,10000),
    (315,'Rupert','Harkin','rharkin8q','7j9Vlc8ETiqb','1969-12-23 00:00:00','M','rharkin8q@wisc.edu',40171,20004,8,'F',567,30001,1,10001),
    (316,'Aundrea','Hendrickson','ahendrickson8r','9Id3URl','1952-12-12 00:00:00','F','ahendrickson8r@microsoft.com',1701,20011,2,'F',646,30001,0,10001),
    (317,'Cilka','Hesse','chesse8s','zfrKYzN','1979-05-14 00:00:00','F','chesse8s@gnu.org',77444,20005,3,'F',554,30002,1,10001),
    (318,'Renie','Dinan','rdinan8t','U51ec8ub','1991-11-06 00:00:00','F','rdinan8t@cafepress.com',78385,20007,10,'F',35,30000,1,10001),
    (319,'Augustin','Sarginson','asarginson8u','BpwHcWko','1960-07-10 00:00:00','M','asarginson8u@chron.com',70654,20011,8,'F',536,30001,1,10000),
    (320,'Pedro','Dods','pdods8v','D8wqZCG','1988-01-01 00:00:00','M','pdods8v@e-recht24.de',28174,20001,9,'M',642,30000,1,10001),
    (321,'Alano','Edwards','aedwards8w','EBIQPDlmpJr','1978-04-19 00:00:00','M','aedwards8w@indiegogo.com',92347,20011,14,'F',349,30002,1,10001),
    (322,'Neddie','Danels','ndanels8x','jCit7M7wrvkN','1996-04-01 00:00:00','M','ndanels8x@forbes.com',85746,20010,13,'F',594,30002,0,10000),
    (323,'Parnell','Brahmer','pbrahmer8y','mAsAhFDGzFd6','1994-12-20 00:00:00','M','pbrahmer8y@pcworld.com',67743,20001,10,'M',2,30000,1,10001),
    (324,'Cassy','Haskayne','chaskayne8z','POG0q0Q0w','1994-01-23 00:00:00','F','chaskayne8z@unblog.fr',52728,20013,7,'F',461,30002,1,10001),
    (325,'Catarina','Maber','cmaber90','410KSaLq','1995-12-09 00:00:00','F','cmaber90@tinyurl.com',15921,20012,14,'M',657,30001,0,10000),
    (326,'Evelyn','Penbarthy','epenbarthy91','2xotHqvu','1959-07-09 00:00:00','M','epenbarthy91@apache.org',62245,20003,5,'F',206,30000,1,10000),
    (327,'Vincenz','Glaze','vglaze92','O9KWY24cmeTM','1972-02-26 00:00:00','M','vglaze92@blog.com',4451,20010,3,'M',130,30000,0,10001),
    (328,'Tonie','Mosdall','tmosdall93','BUdkoJQWHuGO','1975-06-22 00:00:00','F','tmosdall93@wordpress.org',56289,20001,14,'M',495,30002,1,10001),
    (329,'Tabby','MacGaffey','tmacgaffey94','3LTmF2XlbA','1959-01-26 00:00:00','M','tmacgaffey94@pen.io',27527,20002,10,'F',238,30000,1,10001),
    (330,'Garth','Iianon','giianon95','mvi3hT4Es','1991-07-26 00:00:00','M','giianon95@hc360.com',68852,20013,14,'F',628,30002,0,10001),
    (331,'Margret','Yarker','myarker96','9N6Vgogtfy','1965-02-07 00:00:00','F','myarker96@weather.com',21634,20007,7,'F',281,30000,1,10000),
    (332,'Kristos','Nickoll','knickoll97','Fc0sdvsI','1953-05-13 00:00:00','M','knickoll97@51.la',99791,20009,4,'F',57,30002,1,10001),
    (333,'Corey','Barendtsen','cbarendtsen98','CIvifsCUfu','1960-12-29 00:00:00','F','cbarendtsen98@irs.gov',42032,20000,8,'F',598,30000,1,10000),
    (334,'Evered','Tratton','etratton99','Oc99krwZgFc','1978-05-23 00:00:00','M','etratton99@technorati.com',46163,20007,2,'M',70,30000,1,10001),
    (335,'Bird','Carr','bcarr9a','blGY3Vqp','1960-08-13 00:00:00','F','bcarr9a@irs.gov',17361,20008,3,'M',23,30002,1,10000),
    (336,'Ynez','Lesurf','ylesurf9b','vgJKGDxUQ','1994-04-04 00:00:00','F','ylesurf9b@cnbc.com',45870,20007,8,'M',22,30000,0,10000),
    (337,'Leonora','Moniker','lmoniker9c','gxn72HTHgBP','1959-05-17 00:00:00','F','lmoniker9c@cisco.com',41531,20008,11,'F',572,30001,0,10001),
    (338,'Reube','Spiller','rspiller9d','egCO92nO6pUo','1974-08-17 00:00:00','M','rspiller9d@slideshare.net',70743,20010,11,'F',680,30002,1,10000),
    (339,'Neale','Maudson','nmaudson9e','yKPZXXaAz9l8','1968-07-03 00:00:00','M','nmaudson9e@uol.com.br',54653,20013,7,'M',505,30000,1,10000),
    (340,'Graeme','Woolford','gwoolford9f','ar6kkkdN','1999-02-16 00:00:00','M','gwoolford9f@zimbio.com',52170,20008,2,'M',513,30001,1,10001),
    (341,'Wilden','Sermin','wsermin9g','UTH67T0imJnf','1993-04-26 00:00:00','M','wsermin9g@kickstarter.com',58573,20007,7,'M',765,30000,1,10001),
    (342,'Lindsay','Riche','lriche9h','Bx9U03rIq9cQ','1964-10-07 00:00:00','M','lriche9h@cornell.edu',92653,NULL,5,'F',761,30001,0,10001),
    (343,'Sharyl','Forth','sforth9i','M34S5IjFRPeM','1982-03-01 00:00:00','F','sforth9i@tinypic.com',53150,20004,14,'M',474,30001,1,10001),
    (344,'Katrina','Sinnott','ksinnott9j','htB7ba','1974-03-02 00:00:00','F','ksinnott9j@loc.gov',22480,20008,15,'F',597,30000,0,10001),
    (345,'Dorry','Kilbourn','dkilbourn9k','PFph0Nq1r','1991-01-21 00:00:00','F','dkilbourn9k@tripadvisor.com',62523,20010,12,'M',507,30001,1,10001),
    (346,'Talya','Abbatucci','tabbatucci9l','fg834yS','1966-10-01 00:00:00','F','tabbatucci9l@ifeng.com',5730,20003,9,'M',112,30002,0,10001),
    (347,'Olenka','Dealey','odealey9m','0Nl3hv','1999-02-19 00:00:00','F','odealey9m@un.org',74037,20005,11,'M',266,30002,0,10001),
    (348,'Taber','Dunican','tdunican9n','PbuXuwjnqU','1963-05-20 00:00:00','M','tdunican9n@springer.com',54020,20007,8,'F',655,30002,0,10001),
    (349,'Georgianna','Lyard','glyard9o','WnZ4hZJPkT','1951-02-02 00:00:00','F','glyard9o@ucsd.edu',84124,20009,14,'F',426,30001,1,10001),
    (350,'Kaylyn','Coon','kcoon9p','knRldP5eK','1996-01-09 00:00:00','F','kcoon9p@archive.org',83274,20007,12,'M',146,30000,1,10000),
    (351,'Linus','Lawday','llawday9q','qwZffh9l5C','1950-08-03 00:00:00','M','llawday9q@buzzfeed.com',21046,20005,9,'M',362,30001,0,10001),
    (352,'Dyna','Blasl','dblasl9r','kQklvBKOnY','1980-07-19 00:00:00','F','dblasl9r@icio.us',73005,NULL,15,'F',501,30002,0,10001),
    (353,'Ebenezer','Clampton','eclampton9s','XBMHOosoGSlT','1971-02-17 00:00:00','M','eclampton9s@tinypic.com',62919,20013,3,'M',8,30002,1,10001),
    (354,'Yasmin','Cosgry','ycosgry9t','wx5a95UQFm','1951-05-11 00:00:00','F','ycosgry9t@smugmug.com',10988,20001,10,'F',550,30000,0,10001),
    (355,'Reinaldo','Foort','rfoort9u','GQwLwZWi','1999-12-01 00:00:00','M','rfoort9u@netscape.com',98821,20008,15,'F',747,30001,0,10000),
    (356,'Carlyle','Brierly','cbrierly9v','dcMaIMFrJJR','1959-08-17 00:00:00','M','cbrierly9v@artisteer.com',97883,20010,3,'F',26,30000,0,10001),
    (357,'Hamlin','Reucastle','hreucastle9w','5dDOXTZSdafc','1977-07-25 00:00:00','M','hreucastle9w@usatoday.com',81242,20012,3,'M',444,30000,1,10000),
    (358,'Roslyn','Phlippi','rphlippi9x','BBYaY4zN','1953-07-23 00:00:00','F','rphlippi9x@walmart.com',70525,20010,5,'F',92,30001,0,10000),
    (359,'Hartley','Claypoole','hclaypoole9y','gcHDaMj9i','1995-11-21 00:00:00','M','hclaypoole9y@istockphoto.com',85373,20006,10,'M',691,30002,1,10001),
    (360,'Scotty','Norwood','snorwood9z','VXaKOdwIh','1963-01-07 00:00:00','M','snorwood9z@comcast.net',50426,20000,7,'M',743,30000,1,10001),
    (361,'Malvin','Larwell','mlarwella0','ClNDuw4su','1994-05-02 00:00:00','M','mlarwella0@senate.gov',15221,20001,2,'F',687,30002,1,10000),
    (362,'Merle','Askham','maskhama1','Lz515rJM','1967-05-31 00:00:00','F','maskhama1@examiner.com',89109,20005,9,'M',391,30002,0,10000),
    (363,'Koral','Oxlee','koxleea2','MZsK957','1964-11-06 00:00:00','F','koxleea2@bloglines.com',94580,20011,12,'F',614,30001,1,10000),
    (364,'Jacklyn','Girardeau','jgirardeaua3','a0KNPLlzgknQ','1979-03-26 00:00:00','F','jgirardeaua3@marriott.com',61012,20003,11,'F',555,30000,0,10000),
    (365,'Ennis','Fortie','efortiea4','8diavQ','1981-02-12 00:00:00','M','efortiea4@fda.gov',6461,20007,13,'F',532,30001,1,10001),
    (366,'Wernher','Carley','wcarleya5','VspyPL3AL','1985-08-30 00:00:00','M','wcarleya5@mac.com',33625,20000,6,'M',214,30000,0,10001),
    (367,'Hetty','Petkov','hpetkova6','jv69dZd','1952-08-12 00:00:00','F','hpetkova6@home.pl',3470,20009,5,'M',321,30002,1,10001),
    (368,'Lauraine','Garken','lgarkena7','TElorhdL','1991-10-25 00:00:00','F','lgarkena7@bloglovin.com',95570,20007,9,'M',388,30002,1,10000),
    (369,'Rahel','Zanettini','rzanettinia8','aubuDXcO','1960-02-18 00:00:00','F','rzanettinia8@marketwatch.com',27356,20010,14,'M',268,30000,0,10001),
    (370,'Jedidiah','Kleuer','jkleuera9','Q1X924NFx','1990-01-18 00:00:00','M','jkleuera9@ca.gov',1907,20001,9,'F',18,30001,1,10001),
    (371,'Bethany','Hargey','bhargeyaa','H15ObiM','1962-01-15 00:00:00','F','bhargeyaa@mozilla.org',54814,20001,4,'F',260,30000,1,10001),
    (372,'Alidia','Di Biaggi','adibiaggiab','e6JX3BObNd0','1997-02-15 00:00:00','F','adibiaggiab@stumbleupon.com',67650,20000,4,'M',541,30000,0,10000),
    (373,'Dave','Gravestone','dgravestoneac','mWDpSOPw6G7w','1963-08-12 00:00:00','M','dgravestoneac@nasa.gov',97086,20013,2,'M',373,30002,1,10001),
    (374,'Maisie','McCroft','mmccroftad','oLVl4E','2000-06-25 00:00:00','F','mmccroftad@desdev.cn',30275,20003,15,'F',709,30000,1,10000),
    (375,'Tedi','Burle','tburleae','2M0vnjs4do','1990-03-20 00:00:00','F','tburleae@a8.net',4281,20005,4,'F',159,30000,0,10001),
    (376,'Nadia','Morales','nmoralesaf','YYF21l4JdvlU','1988-05-15 00:00:00','F','nmoralesaf@economist.com',7848,20004,11,'F',78,30001,0,10001),
    (377,'Abby','Gilliat','agilliatag','ie7q9VHvX','1974-12-26 00:00:00','M','agilliatag@whitehouse.gov',42087,20008,2,'F',439,30001,0,10000),
    (378,'Chastity','Assard','cassardah','Hd5Ep6WtjZ','1970-06-30 00:00:00','F','cassardah@who.int',94127,20011,3,'M',366,30001,0,10001),
    (379,'Jonell','Catcherside','jcatchersideai','vWhnvdivJ','1966-06-09 00:00:00','F','jcatchersideai@google.com.hk',95112,20009,9,'M',690,30000,1,10000),
    (380,'Gaultiero','Aloshikin','galoshikinaj','qxLdcA','1983-04-21 00:00:00','M','galoshikinaj@cornell.edu',61552,20000,11,'F',775,30000,0,10000),
    (381,'Nolie','Gettens','ngettensak','MTC8rCYzK','1991-09-20 00:00:00','F','ngettensak@utexas.edu',40212,20002,8,'M',601,30000,0,10001),
    (382,'Mable','Mamwell','mmamwellal','zVysQH','1959-12-31 00:00:00','F','mmamwellal@dedecms.com',64750,20006,6,'M',669,30001,0,10001),
    (383,'Kingsley','Gascone','kgasconeam','A03pRGzGSN9','1995-08-06 00:00:00','M','kgasconeam@imageshack.us',50472,20008,14,'M',39,30000,0,10001),
    (384,'Rinaldo','Kinsey','rkinseyan','HWcGqDd','1964-05-18 00:00:00','M','rkinseyan@jimdo.com',18466,20000,13,'F',144,30000,1,10001),
    (385,'Emmalynn','Timblett','etimblettao','IbSbHLfrg6nN','1952-06-21 00:00:00','F','etimblettao@intel.com',26572,20006,9,'F',116,30000,1,10000),
    (386,'Chane','Alabaster','calabasterap','dpWHLMyWJR','1987-01-28 00:00:00','M','calabasterap@netvibes.com',7109,20005,9,'F',454,30000,0,10001),
    (387,'Gherardo','Topes','gtopesaq','3ThVfpCJ','1956-06-29 00:00:00','M','gtopesaq@kickstarter.com',25425,NULL,6,'F',409,30001,0,10001),
    (388,'Rafaellle','Barnbrook','rbarnbrookar','lchr03YpYhmT','1996-09-29 00:00:00','M','rbarnbrookar@examiner.com',74701,20012,14,'M',620,30002,0,10001),
    (389,'Jard','Phaup','jphaupas','LXDACCK','1956-10-29 00:00:00','M','jphaupas@bbc.co.uk',61468,20004,11,'M',132,30001,0,10000),
    (390,'Jeanie','Ertelt','jerteltat','CVVrLpu53Luu','1955-04-14 00:00:00','F','jerteltat@tuttocitta.it',13664,20002,11,'M',222,30000,0,10001),
    (391,'Deedee','Dalwood','ddalwoodau','GzlJn1nLEQ9','1977-02-28 00:00:00','F','ddalwoodau@myspace.com',16063,20008,14,'F',146,30001,0,10001),
    (392,'Beth','Obell','bobellav','I7cnGr','1987-11-04 00:00:00','F','bobellav@cdc.gov',89149,20011,4,'F',110,30002,1,10000),
    (393,'Tersina','Jeanin','tjeaninaw','IgiMnfPwBjIS','1999-01-23 00:00:00','F','tjeaninaw@ebay.co.uk',50567,20008,6,'M',76,30001,0,10001),
    (394,'Orren','Gildersleaves','ogildersleavesax','B4MlkvugKw1','1980-03-14 00:00:00','M','ogildersleavesax@google.de',79911,20002,10,'M',293,30000,0,10000),
    (395,'Marla','Croix','mcroixay','5oWLaRmx','1988-12-15 00:00:00','F','mcroixay@adobe.com',48875,20005,11,'M',55,30001,1,10000),
    (396,'Kimball','Lamps','klampsaz','jV85aacaI','1961-11-16 00:00:00','M','klampsaz@cnet.com',84640,20007,15,'M',149,30002,1,10000),
    (397,'Evvie','Vigietti','evigiettib0','kknaYR9Lt','1967-09-10 00:00:00','F','evigiettib0@eventbrite.com',15683,20007,9,'M',379,30002,1,10000),
    (398,'Cob','McCallum','cmccallumb1','yiwwAKQT','1959-08-24 00:00:00','M','cmccallumb1@clickbank.net',60617,20008,12,'M',217,30000,0,10001),
    (399,'Horton','Reven','hrevenb2','Z2Xtvf4PnX','1955-05-11 00:00:00','M','hrevenb2@mashable.com',19804,20004,9,'M',642,30001,0,10000),
    (400,'Edgardo','Severy','eseveryb3','WxSsYKS41m','2000-11-27 00:00:00','M','eseveryb3@nhs.uk',55753,20012,5,'M',383,30000,1,10001),
    (401,'Sonnie','Kersaw','skersawb4','4dL9V5rCUg9O','1968-04-05 00:00:00','F','skersawb4@home.pl',31201,20012,6,'F',612,30002,0,10000),
    (402,'Joye','Collison','jcollisonb5','gymALo','1997-07-23 00:00:00','F','jcollisonb5@va.gov',49961,20006,10,'M',265,30002,1,10001),
    (403,'Rosana','Byard','rbyardb6','8E8XWMj5Ky','1986-01-16 00:00:00','F','rbyardb6@techcrunch.com',83864,20006,10,'F',637,30002,1,10001),
    (404,'Valeda','Pawfoot','vpawfootb7','KguWZW1','1989-12-26 00:00:00','F','vpawfootb7@mysql.com',13842,20001,13,'F',59,30002,1,10001),
    (405,'Shannon','Hagergham','shagerghamb8','TqvwW0gvh','1970-10-29 00:00:00','M','shagerghamb8@networkadvertising.org',91301,20004,5,'F',371,30001,1,10001),
    (406,'Galvin','Boutell','gboutellb9','J9UDs2k3804','1961-08-28 00:00:00','M','gboutellb9@amazon.co.jp',24483,20013,9,'F',635,30000,0,10001),
    (407,'Alexi','Tosh','atoshba','J50I8MHT','1952-05-12 00:00:00','F','atoshba@si.edu',35401,20006,9,'M',174,30000,0,10000),
    (408,'Claudian','Feldbrin','cfeldbrinbb','3HTu4qKEi1','1964-02-13 00:00:00','M','cfeldbrinbb@mashable.com',19312,20000,4,'M',477,30001,1,10001),
    (409,'Karlis','Limpenny','klimpennybc','KCOwhdPLke','1957-04-08 00:00:00','M','klimpennybc@msn.com',58801,20013,9,'F',596,30001,0,10001),
    (410,'Luis','Sich','lsichbd','KtFsV47aiQ','1972-05-21 00:00:00','M','lsichbd@businessweek.com',99138,20000,14,'M',280,30002,0,10001),
    (411,'Kipper','Edger','kedgerbe','60buIdlEUmG','1976-11-22 00:00:00','M','kedgerbe@homestead.com',78732,20010,11,'M',713,30002,0,10000),
    (412,'Ynes','Danielsky','ydanielskybf','XNnLFx','1987-08-31 00:00:00','F','ydanielskybf@toplist.cz',22960,20012,12,'M',143,30001,0,10001),
    (413,'Bruis','Kenna','bkennabg','TxU70bJB','1961-07-17 00:00:00','M','bkennabg@bandcamp.com',43780,20005,13,'F',400,30001,1,10001),
    (414,'Tommy','Domenget','tdomengetbh','sZdbm63','1989-10-29 00:00:00','F','tdomengetbh@chron.com',17325,20005,8,'M',300,30002,0,10001),
    (415,'Colet','Wethey','cwetheybi','QAy2PJarsp','1965-05-03 00:00:00','M','cwetheybi@360.cn',50567,20010,5,'F',2,30000,0,10000),
    (416,'Reginauld','Puttock','rputtockbj','plAmslwkn5xY','1993-04-12 00:00:00','M','rputtockbj@wordpress.com',64622,20004,2,'M',280,30000,0,10001),
    (417,'Rahal','Barts','rbartsbk','kmHTrmqTN','1992-01-03 00:00:00','F','rbartsbk@addtoany.com',81120,NULL,5,'F',732,30000,0,10001),
    (418,'Osbourne','Ponnsett','oponnsettbl','J3aS5RAKyR3','1986-01-05 00:00:00','M','oponnsettbl@wisc.edu',93276,20013,8,'F',383,30001,1,10001),
    (419,'Belita','Libbey','blibbeybm','hR0V5V1wyp0I','1977-06-18 00:00:00','F','blibbeybm@bing.com',65777,20001,14,'M',601,30001,0,10001),
    (420,'Broddie','Bevens','bbevensbn','Oy4fiAZf6Nk0','1979-08-05 00:00:00','M','bbevensbn@independent.co.uk',56516,20013,12,'F',396,30002,0,10001),
    (421,'Isak','Hainsworth','ihainsworthbo','YJP7mOfAJyiD','1984-12-04 00:00:00','M','ihainsworthbo@va.gov',48762,20001,12,'F',398,30000,1,10001),
    (422,'Carlye','Southwood','csouthwoodbp','6BuDQvjZ','1972-06-28 00:00:00','F','csouthwoodbp@hubpages.com',7940,20001,5,'F',98,30001,1,10001),
    (423,'Arluene','Fransoni','afransonibq','dFkZNgRsAy7l','1958-12-15 00:00:00','F','afransonibq@issuu.com',28654,20008,7,'F',18,30002,1,10001),
    (424,'Kendrick','Dabbes','kdabbesbr','UVdRYwRdRBZ','1970-02-12 00:00:00','M','kdabbesbr@nbcnews.com',55936,20001,15,'F',145,30001,0,10001),
    (425,'Thaddeus','Edmonds','tedmondsbs','WRUqWjqgXLuj','1975-02-02 00:00:00','M','tedmondsbs@tinyurl.com',28326,20010,12,'M',761,30001,0,10001),
    (426,'Jerry','Goulborn','jgoulbornbt','Vji09m','1950-01-30 00:00:00','M','jgoulbornbt@google.co.jp',96155,20007,8,'M',728,30000,1,10001),
    (427,'Torrance','Dunne','tdunnebu','AAw073oUofRT','1968-08-10 00:00:00','M','tdunnebu@mapy.cz',49601,20007,4,'F',653,30002,0,10000),
    (428,'Lorain','Foye','lfoyebv','khSNAPDR','1970-12-20 00:00:00','F','lfoyebv@geocities.jp',50676,20007,10,'M',199,30000,1,10000),
    (429,'Janetta','Bexon','jbexonbw','WzB0djvudrYo','1999-07-22 00:00:00','F','jbexonbw@weather.com',4544,20005,5,'M',90,30000,1,10000),
    (430,'Ashbey','Vaughan','avaughanbx','8r495sptsO','1979-03-25 00:00:00','M','avaughanbx@cnet.com',71833,20009,8,'M',263,30000,0,10001),
    (431,'Roxanna','Trill','rtrillby','FOUxMACwD','1989-03-10 00:00:00','F','rtrillby@amazon.co.uk',98605,NULL,7,'F',291,30000,1,10001),
    (432,'Salvatore','Busher','sbusherbz','QvE8rg7dJ','1990-02-24 00:00:00','M','sbusherbz@marriott.com',55053,20008,12,'M',230,30002,1,10001),
    (433,'Barton','Ebdon','bebdonc0','IciZwg7','1976-04-28 00:00:00','M','bebdonc0@marketwatch.com',78122,NULL,3,'F',606,30001,1,10001),
    (434,'Irwinn','Janauschek','ijanauschekc1','Ruph66j8','1995-07-22 00:00:00','M','ijanauschekc1@who.int',16689,20009,8,'M',178,30000,0,10001),
    (435,'Hedvig','Thomerson','hthomersonc2','8aZPFKOsO1pR','1991-01-14 00:00:00','F','hthomersonc2@cbc.ca',45368,20008,4,'M',638,30002,1,10001),
    (436,'Burch','Ditty','bdittyc3','ht5hAie','1998-09-20 00:00:00','M','bdittyc3@chronoengine.com',2144,20006,6,'M',718,30000,0,10001),
    (437,'Niels','Oldacres','noldacresc4','32fyAPQqwhz','1955-06-21 00:00:00','M','noldacresc4@github.io',67859,20003,15,'M',72,30001,0,10001),
    (438,'Robin','Aronoff','raronoffc5','1yefGYeXul8G','1960-11-12 00:00:00','M','raronoffc5@ycombinator.com',83833,20003,15,'M',413,30001,0,10001),
    (439,'Terry','Hastler','thastlerc6','yxSeKjQl4','1975-09-17 00:00:00','F','thastlerc6@chronoengine.com',74647,20005,4,'M',479,30002,1,10001),
    (440,'Nanete','Brislan','nbrislanc7','aRjS48gq','1953-07-05 00:00:00','F','nbrislanc7@elegantthemes.com',19717,20010,9,'M',736,30001,1,10001),
    (441,'Billi','Skoughman','bskoughmanc8','Q4qqxZo','1961-10-12 00:00:00','F','bskoughmanc8@51.la',3608,20008,10,'F',469,30001,0,10000),
    (442,'Antin','Edelston','aedelstonc9','BmWWeYWd','1975-09-11 00:00:00','M','aedelstonc9@census.gov',62674,20006,6,'F',95,30001,0,10000),
    (443,'Dean','Wickling','dwicklingca','DfV3gAHHIUCs','1970-12-05 00:00:00','M','dwicklingca@addtoany.com',15005,20013,6,'M',604,30002,0,10001),
    (444,'Gardy','Follis','gfolliscb','RUEkjFHco8px','1992-05-06 00:00:00','M','gfolliscb@cornell.edu',86512,20006,3,'F',233,30000,0,10001),
    (445,'Gibb','Cleevely','gcleevelycc','Z7mpvhXeZkU7','1978-11-25 00:00:00','M','gcleevelycc@flavors.me',37416,20005,8,'M',245,30002,1,10000),
    (446,'Lenna','MacKettrick','lmackettrickcd','bjgR6UsMwnc','1962-03-07 00:00:00','F','lmackettrickcd@jigsy.com',43420,20000,4,'M',482,30001,1,10001),
    (447,'Jarvis','Heart','jheartce','aJllxo8','1982-09-08 00:00:00','M','jheartce@paypal.com',18102,NULL,11,'M',542,30002,1,10000),
    (448,'Tootsie','Cossans','tcossanscf','icnCEJC','1965-02-12 00:00:00','F','tcossanscf@chronoengine.com',73118,20010,2,'F',755,30002,0,10001),
    (449,'Pippa','Bradnum','pbradnumcg','RZmzEt','1960-03-24 00:00:00','F','pbradnumcg@hexun.com',8691,20006,14,'M',555,30002,1,10001),
    (450,'Karlens','Videler','kvidelerch','l3NTzgoKWm','1966-02-15 00:00:00','M','kvidelerch@artisteer.com',26347,20001,7,'M',588,30000,0,10001),
    (451,'Dwain','Applewhaite','dapplewhaiteci','hK6j4vi05co','1999-03-27 00:00:00','M','dapplewhaiteci@archive.org',37770,20003,3,'F',291,30000,0,10001),
    (452,'Sydney','Belin','sbelincj','kdsPHwx8jn1N','1966-07-13 00:00:00','M','sbelincj@imageshack.us',30734,20012,9,'M',702,30001,0,10001),
    (453,'Elna','Andrzejowski','eandrzejowskick','O6yBJRVc','1978-09-30 00:00:00','F','eandrzejowskick@dailymail.co.uk',56651,20003,7,'M',194,30002,1,10000),
    (454,'Rube','Georgeon','rgeorgeoncl','5evaOOmh','1987-11-16 00:00:00','M','rgeorgeoncl@rambler.ru',27960,20011,6,'M',480,30002,1,10000),
    (455,'Hermine','Gennrich','hgennrichcm','qfuzoowVfmN','1998-10-23 00:00:00','F','hgennrichcm@baidu.com',95209,20006,11,'M',632,30000,1,10000),
    (456,'Gregg','McDermott','gmcdermottcn','wYWgMEBIW','1963-02-10 00:00:00','M','gmcdermottcn@bluehost.com',68379,20001,2,'F',255,30002,0,10000),
    (457,'Kelsi','D''Arrigo','kdarrigoco','vZzVpYRH','1998-09-19 00:00:00','F','kdarrigoco@seattletimes.com',26250,20010,10,'M',635,30002,0,10000),
    (458,'Tobi','Monkton','tmonktoncp','Gz1fxoHTqj1t','1969-08-05 00:00:00','F','tmonktoncp@imageshack.us',56258,20013,10,'F',195,30002,1,10000),
    (459,'Kimberlyn','Highman','khighmancq','t9HOks8jf','1996-07-30 00:00:00','F','khighmancq@google.de',54813,20000,7,'F',736,30002,0,10000),
    (460,'Floyd','Thairs','fthairscr','WPb4qan','2000-02-07 00:00:00','M','fthairscr@live.com',38224,20013,3,'F',344,30000,0,10001),
    (461,'Maurise','Bontoft','mbontoftcs','yO9fRR7xLVM','1975-11-22 00:00:00','M','mbontoftcs@themeforest.net',26852,20006,15,'F',688,30002,0,10001),
    (462,'Robby','Petcher','rpetcherct','BYfL7xf','1952-03-18 00:00:00','M','rpetcherct@skype.com',4043,20003,10,'F',712,30001,0,10001),
    (463,'Starr','Grenfell','sgrenfellcu','DGEIa0Nk6yV','1956-08-12 00:00:00','F','sgrenfellcu@reuters.com',89146,20000,15,'M',781,30002,1,10001),
    (464,'Christye','Korous','ckorouscv','KJwKuN','1965-09-09 00:00:00','F','ckorouscv@t.co',64053,20005,7,'F',712,30002,1,10000),
    (465,'Reginauld','McGibbon','rmcgibboncw','USD15ogwB','1979-04-28 00:00:00','M','rmcgibboncw@biblegateway.com',74756,20000,9,'M',243,30000,0,10000),
    (466,'Adel','Barlas','abarlascx','CXfGNI','1986-12-03 00:00:00','F','abarlascx@shutterfly.com',24185,20009,14,'M',544,30002,1,10001),
    (467,'Eachelle','Ducarne','educarnecy','nHM3JRgB3Ln','1966-12-08 00:00:00','F','educarnecy@xrea.com',94014,20010,5,'F',274,30001,1,10001),
    (468,'Ann','Prahl','aprahlcz','ZfABWoqGgB','1999-03-10 00:00:00','F','aprahlcz@photobucket.com',54101,20008,7,'M',437,30000,1,10000),
    (469,'Dalt','Mistry','dmistryd0','UdSCA9H','1990-06-19 00:00:00','M','dmistryd0@wiley.com',6339,20005,10,'F',748,30001,0,10001),
    (470,'Gabi','Weatherby','gweatherbyd1','If9tPotO5','1985-12-25 00:00:00','F','gweatherbyd1@cafepress.com',63005,20013,13,'F',9,30001,1,10001),
    (471,'Jarid','Leonards','jleonardsd2','TGWxpd','1952-04-09 00:00:00','M','jleonardsd2@surveymonkey.com',57313,20008,4,'M',432,30002,1,10001),
    (472,'Stanton','Gerrets','sgerretsd3','HOvqGS','1987-04-05 00:00:00','M','sgerretsd3@vistaprint.com',33015,20008,2,'M',717,30002,1,10001),
    (473,'Kylila','Orcas','korcasd4','nOCTGBE4','1969-03-07 00:00:00','F','korcasd4@si.edu',43617,20011,12,'M',522,30000,1,10000),
    (474,'Tobit','Hardaway','thardawayd5','cNXR60I','1985-08-09 00:00:00','M','thardawayd5@pcworld.com',1863,20000,3,'F',609,30000,0,10001),
    (475,'Carry','Wych','cwychd6','DyUIkRBQs','1993-04-04 00:00:00','F','cwychd6@examiner.com',8755,20012,14,'M',139,30001,1,10000),
    (476,'Jennee','Coath','jcoathd7','NySOQ2uiKr','1973-03-14 00:00:00','F','jcoathd7@gizmodo.com',73434,NULL,2,'M',56,30000,0,10001),
    (477,'Cindy','Jonson','cjonsond8','fcacLSLRmH','1996-01-18 00:00:00','F','cjonsond8@sogou.com',84740,20005,9,'M',444,30000,0,10001),
    (478,'Freeland','Jarley','fjarleyd9','LbCczWfM','1957-01-08 00:00:00','M','fjarleyd9@tuttocitta.it',50634,20001,3,'F',198,30000,1,10001),
    (479,'Ingrim','Clapison','iclapisonda','yAVIOYAl7P','1981-05-09 00:00:00','M','iclapisonda@parallels.com',37327,20010,7,'M',649,30001,1,10001),
    (480,'Tallou','Frain','tfraindb','9Oovb8xzRw','1958-08-08 00:00:00','F','tfraindb@soundcloud.com',55362,20009,11,'M',573,30002,0,10000),
    (481,'Delcine','Rowles','drowlesdc','Sy4PDgwAbAl','1955-12-31 00:00:00','F','drowlesdc@ask.com',99677,NULL,7,'F',458,30000,0,10001),
    (482,'Olga','Deans','odeansdd','45Dq4zKi','1982-01-22 00:00:00','F','odeansdd@elegantthemes.com',70760,20001,6,'M',381,30001,1,10001),
    (483,'Zandra','Berka','zberkade','W0pU4ReE','1990-03-28 00:00:00','F','zberkade@histats.com',80924,20002,4,'M',556,30001,1,10001),
    (484,'Laurena','Balmadier','lbalmadierdf','ilVvjQ','1985-07-03 00:00:00','F','lbalmadierdf@vimeo.com',62354,20006,2,'M',730,30001,1,10000),
    (485,'Alonso','Morten','amortendg','PNNNVBgwe','1983-01-16 00:00:00','M','amortendg@webmd.com',68821,20010,9,'F',406,30000,0,10001),
    (486,'Madonna','Lenchenko','mlenchenkodh','QD8guYt','1957-04-28 00:00:00','F','mlenchenkodh@jalbum.net',40434,20013,13,'M',10,30001,0,10000),
    (487,'Robinia','Matusovsky','rmatusovskydi','wjH6bI4nyNVU','1984-05-12 00:00:00','F','rmatusovskydi@nymag.com',54935,20012,3,'M',558,30001,0,10001),
    (488,'Danny','McCafferky','dmccafferkydj','6QrhcjU','1982-09-07 00:00:00','M','dmccafferkydj@themeforest.net',4039,20005,14,'M',471,30000,1,10001),
    (489,'Maynord','Pach','mpachdk','tFvLemS','1992-08-22 00:00:00','M','mpachdk@nhs.uk',60446,20003,14,'M',46,30000,1,10000),
    (490,'Dot','Folkerts','dfolkertsdl','oEHR5488TVf','1961-08-03 00:00:00','F','dfolkertsdl@ifeng.com',78615,20003,7,'M',488,30002,1,10001),
    (491,'Katuscha','Postin','kpostindm','RxJPRDVWm3kk','1987-07-12 00:00:00','F','kpostindm@mediafire.com',38543,20009,11,'F',219,30001,1,10000),
    (492,'Janelle','Cerro','jcerrodn','m7BpdnVDB','1963-07-24 00:00:00','F','jcerrodn@tripod.com',32257,20005,2,'M',253,30002,0,10001),
    (493,'Barri','McDougall','bmcdougalldo','qto2zK3a','1964-07-19 00:00:00','M','bmcdougalldo@pbs.org',79245,20010,15,'M',682,30001,0,10001),
    (494,'Claudetta','Perillo','cperillodp','JZVFbqsQ','1962-01-05 00:00:00','F','cperillodp@t.co',17103,20000,11,'F',800,30002,1,10000),
    (495,'Berny','Chalcraft','bchalcraftdq','wKXT7z94c8','1994-09-26 00:00:00','M','bchalcraftdq@flickr.com',60919,20002,11,'F',436,30001,1,10000),
    (496,'Lorelle','Prandini','lprandinidr','Qn4L7SN','1976-01-08 00:00:00','F','lprandinidr@google.com.au',67039,20004,8,'M',207,30001,0,10001),
    (497,'Ryan','Dulany','rdulanyds','Z1xhtJI4','1961-11-05 00:00:00','M','rdulanyds@opensource.org',46383,20013,2,'M',209,30001,0,10000),
    (498,'Corilla','Passey','cpasseydt','gsc4hTy','1956-07-18 00:00:00','F','cpasseydt@ibm.com',14143,20002,2,'F',289,30000,0,10000),
    (499,'Barbie','McIndoe','bmcindoedu','2W3h0MeG','1954-12-26 00:00:00','F','bmcindoedu@dagondesign.com',92584,20013,14,'M',547,30000,0,10000),
    (500,'Aleen','O''Fearguise','aofearguisedv','NzCEvUhAMtFa','1977-06-05 00:00:00','F','aofearguisedv@flickr.com',61740,20000,13,'F',452,30001,0,10000);

INSERT INTO user_exhibits_malady VALUES
    (1,5005),
    (2,5004),
    (3,5012),
    (4,5007),
    (5,5009),
    (6,5004),
    (7,5008),
    (8,5002),
    (9,5001),
    (10,5007),
    (11,5002),
    (12,5010),
    (13,5011),
    (14,5009),
    (15,5005),
    (16,5005),
    (17,5005),
    (18,5013),
    (19,5009),
    (20,5003),
    (21,5013),
    (22,5002),
    (23,5002),
    (24,5015),
    (25,5017),
    (26,5015),
    (27,5009),
    (28,5010),
    (29,5014),
    (30,5014),
    (31,5013),
    (32,5002),
    (33,5014),
    (34,5012),
    (35,5001),
    (36,5014),
    (37,5013),
    (38,5008),
    (39,5003),
    (40,5005),
    (41,5017),
    (42,5006),
    (43,5006),
    (44,5013),
    (45,5014),
    (46,5001),
    (47,5007),
    (48,5011),
    (49,5002),
    (50,5004),
    (51,5007),
    (52,5017),
    (53,5011),
    (54,5001),
    (55,5006),
    (56,5016),
    (57,5004),
    (58,5003),
    (59,5003),
    (60,5013),
    (61,5008),
    (62,5001),
    (63,5010),
    (64,5004),
    (65,5017),
    (66,5013),
    (67,5009),
    (68,5004),
    (69,5016),
    (70,5015),
    (71,5016),
    (72,5009),
    (73,5008),
    (74,5010),
    (75,5011),
    (76,5009),
    (77,5017),
    (78,5014),
    (79,5008),
    (80,5009),
    (81,5012),
    (82,5003),
    (83,5014),
    (84,5003),
    (85,5004),
    (86,5015),
    (87,5014),
    (88,5006),
    (89,5013),
    (90,5001),
    (91,5008),
    (92,5004),
    (93,5016),
    (94,5015),
    (95,5010),
    (96,5006),
    (97,5007),
    (98,5004),
    (99,5015),
    (100,5005),
    (101,5006),
    (102,5005),
    (103,5004),
    (104,5012),
    (105,5015),
    (106,5007),
    (107,5017),
    (108,5016),
    (109,5016),
    (110,5005),
    (111,5012),
    (112,5014),
    (113,5011),
    (114,5010),
    (115,5001),
    (116,5015),
    (117,5008),
    (118,5015),
    (119,5001),
    (120,5013),
    (121,5001),
    (122,5007),
    (123,5017),
    (124,5014),
    (125,5010),
    (126,5005),
    (127,5008),
    (128,5017),
    (129,5017),
    (130,5013),
    (131,5007),
    (132,5010),
    (133,5016),
    (134,5009),
    (135,5013),
    (136,5017),
    (137,5006),
    (138,5017),
    (139,5003),
    (140,5002),
    (141,5016),
    (142,5016),
    (143,5006),
    (144,5012),
    (145,5016),
    (146,5015),
    (147,5015),
    (148,5007),
    (149,5013),
    (150,5017),
    (151,5012),
    (152,5015),
    (153,5015),
    (154,5004),
    (155,5015),
    (156,5012),
    (157,5002),
    (158,5012),
    (159,5002),
    (160,5008),
    (161,5010),
    (162,5003),
    (163,5001),
    (164,5007),
    (165,5016),
    (166,5017),
    (167,5005),
    (168,5009),
    (169,5013),
    (170,5014),
    (171,5006),
    (172,5012),
    (173,5016),
    (174,5003),
    (175,5009),
    (176,5010),
    (177,5003),
    (178,5009),
    (179,5006),
    (180,5009),
    (181,5006),
    (182,5008),
    (183,5014),
    (184,5003),
    (185,5006),
    (186,5003),
    (187,5015),
    (188,5013),
    (189,5013),
    (190,5006),
    (191,5014),
    (192,5001),
    (193,5004),
    (194,5008),
    (195,5007),
    (196,5006),
    (197,5009),
    (198,5016),
    (199,5005),
    (200,5010),
    (201,5007),
    (202,5008),
    (203,5003),
    (204,5001),
    (205,5002),
    (206,5016),
    (207,5012),
    (208,5008),
    (209,5017),
    (210,5007),
    (211,5006),
    (212,5004),
    (213,5008),
    (214,5006),
    (215,5006),
    (216,5011),
    (217,5016),
    (218,5014),
    (219,5015),
    (220,5010),
    (221,5015),
    (222,5015),
    (223,5007),
    (224,5007),
    (225,5008),
    (226,5005),
    (227,5011),
    (228,5002),
    (229,5016),
    (230,5001),
    (231,5010),
    (232,5009),
    (233,5007),
    (234,5014),
    (235,5007),
    (236,5004),
    (237,5013),
    (238,5005),
    (239,5013),
    (240,5007),
    (241,5010),
    (242,5013),
    (243,5013),
    (244,5016),
    (245,5006),
    (246,5016),
    (247,5005),
    (248,5004),
    (249,5009),
    (250,5015);
    
INSERT INTO user_exhibits_malady VALUES
    (251,5005),
    (252,5010),
    (253,5010),
    (254,5004),
    (255,5003),
    (256,5003),
    (257,5003),
    (258,5006),
    (259,5004),
    (260,5011),
    (261,5011),
    (262,5016),
    (263,5007),
    (264,5001),
    (265,5017),
    (266,5011),
    (267,5003),
    (268,5001),
    (269,5017),
    (270,5010),
    (271,5011),
    (272,5015),
    (273,5012),
    (274,5009),
    (275,5013),
    (276,5012),
    (277,5008),
    (278,5006),
    (279,5012),
    (280,5017),
    (281,5013),
    (282,5011),
    (283,5015),
    (284,5012),
    (285,5010),
    (286,5007),
    (287,5001),
    (288,5014),
    (289,5004),
    (290,5013),
    (291,5003),
    (292,5002),
    (293,5005),
    (294,5012),
    (295,5015),
    (296,5009),
    (297,5005),
    (298,5008),
    (299,5009),
    (300,5001),
    (301,5016),
    (302,5008),
    (303,5011),
    (304,5013),
    (305,5007),
    (306,5011),
    (307,5010),
    (308,5010),
    (309,5003),
    (310,5015),
    (311,5008),
    (312,5009),
    (313,5014),
    (314,5012),
    (315,5012),
    (316,5013),
    (317,5012),
    (318,5017),
    (319,5002),
    (320,5005),
    (321,5013),
    (322,5002),
    (323,5007),
    (324,5014),
    (325,5014),
    (326,5017),
    (327,5013),
    (328,5004),
    (329,5010),
    (330,5015),
    (331,5005),
    (332,5007),
    (333,5001),
    (334,5002),
    (335,5007),
    (336,5003),
    (337,5017),
    (338,5005),
    (339,5012),
    (340,5011),
    (341,5010),
    (342,5015),
    (343,5004),
    (344,5012),
    (345,5005),
    (346,5003),
    (347,5002),
    (348,5002),
    (349,5010),
    (350,5008),
    (351,5016),
    (352,5012),
    (353,5008),
    (354,5017),
    (355,5011),
    (356,5011),
    (357,5017),
    (358,5012),
    (359,5007),
    (360,5004),
    (361,5011),
    (362,5003),
    (363,5007),
    (364,5011),
    (365,5003),
    (366,5013),
    (367,5006),
    (368,5006),
    (369,5006),
    (370,5009),
    (371,5012),
    (372,5014),
    (373,5017),
    (374,5008),
    (375,5016),
    (376,5002),
    (377,5003),
    (378,5003),
    (379,5013),
    (380,5004),
    (381,5011),
    (382,5010),
    (383,5006),
    (384,5008),
    (385,5012),
    (386,5009),
    (387,5003),
    (388,5016),
    (389,5010),
    (390,5009),
    (391,5015),
    (392,5006),
    (393,5008),
    (394,5016),
    (395,5011),
    (396,5009),
    (397,5017),
    (398,5016),
    (399,5015),
    (400,5011),
    (401,5008),
    (402,5013),
    (403,5017),
    (404,5016),
    (405,5004),
    (406,5008),
    (407,5012),
    (408,5002),
    (409,5007),
    (410,5003),
    (411,5004),
    (412,5007),
    (413,5003),
    (414,5007),
    (415,5010),
    (416,5009),
    (417,5001),
    (418,5003),
    (419,5013),
    (420,5008),
    (421,5015),
    (422,5003),
    (423,5007),
    (424,5009),
    (425,5004),
    (426,5016),
    (427,5010),
    (428,5002),
    (429,5006),
    (430,5010),
    (431,5006),
    (432,5004),
    (433,5011),
    (434,5011),
    (435,5013),
    (436,5002),
    (437,5015),
    (438,5002),
    (439,5008),
    (440,5016),
    (441,5003),
    (442,5003),
    (443,5017),
    (444,5006),
    (445,5002),
    (446,5003),
    (447,5015),
    (448,5005),
    (449,5010),
    (450,5002),
    (451,5003),
    (452,5010),
    (453,5002),
    (454,5011),
    (455,5012),
    (456,5010),
    (457,5013),
    (458,5009),
    (459,5003),
    (460,5012),
    (461,5009),
    (462,5006),
    (463,5002),
    (464,5012),
    (465,5009),
    (466,5014),
    (467,5004),
    (468,5016),
    (469,5011),
    (470,5002),
    (471,5016),
    (472,5008),
    (473,5016),
    (474,5008),
    (475,5015),
    (476,5017),
    (477,5002),
    (478,5013),
    (479,5002),
    (480,5007),
    (481,5001),
    (482,5008),
    (483,5012),
    (484,5015),
    (485,5010),
    (486,5017),
    (487,5011),
    (488,5006),
    (489,5005),
    (490,5007),
    (491,5005),
    (492,5017),
    (493,5009),
    (494,5012),
    (495,5017),
    (496,5016),
    (497,5008),
    (498,5016),
    (499,5014),
    (500,5011);
